emailId,fromId,toId
0,0,1
0,0,2
1,3,4
1,3,5
1,3,6
1,3,7
1,3,8
1,3,9
1,3,10
1,3,11
1,3,12
1,3,13
2,14,15
2,14,16
2,14,17
2,14,18
2,14,19
2,14,20
2,14,21
2,14,22
2,14,23
2,14,24
2,14,25
2,14,26
3,27,28
3,27,18
3,27,19
3,27,21
4,29,30
4,29,31
4,29,32
4,29,33
4,29,34
4,29,35
4,29,36
4,29,37
4,29,38
4,29,39
4,29,40
4,29,41
4,29,42
4,29,43
4,29,44
4,29,45
4,29,46
4,29,47
4,29,48
4,29,49
4,29,18
4,29,19
4,29,20
4,29,21
4,29,22
4,29,23
4,29,24
4,29,25
4,29,26
4,29,2
4,29,50
4,29,51
4,29,52
4,29,53
4,29,5
4,29,6
4,29,13
4,29,11
4,29,9
4,29,10
4,29,8
4,29,7
4,29,54
4,29,55
4,29,12
4,29,56
4,29,16
4,29,57
4,29,17
4,29,58
4,29,59
4,29,60
4,29,61
4,29,62
5,14,15
5,14,16
5,14,17
5,14,18
5,14,19
5,14,20
5,14,21
5,14,22
5,14,23
5,14,24
5,14,25
5,14,26
6,63,64
7,65,65
7,65,10
7,65,13
7,65,6
8,66,67
8,66,31
8,66,32
9,1,1
9,1,2
10,68,1
10,68,2
11,69,30
11,69,31
11,69,32
11,69,33
11,69,34
11,69,35
11,69,36
11,69,37
11,69,38
11,69,39
11,69,40
11,69,41
11,69,42
11,69,43
11,69,44
11,69,45
11,69,46
11,69,47
11,69,48
11,69,49
11,69,18
11,69,19
11,69,20
11,69,21
11,69,22
11,69,23
11,69,24
11,69,25
11,69,26
11,69,2
11,69,50
11,69,51
11,69,52
11,69,53
11,69,5
11,69,6
11,69,13
11,69,11
11,69,9
11,69,10
11,69,8
11,69,7
11,69,54
11,69,55
11,69,12
11,69,56
11,69,16
11,69,57
11,69,17
11,69,58
11,69,59
11,69,60
11,69,61
11,69,62
12,70,71
13,69,30
13,69,31
13,69,32
13,69,33
13,69,34
13,69,35
13,69,36
13,69,37
13,69,38
13,69,39
13,69,40
13,69,41
13,69,42
13,69,43
13,69,44
13,69,45
13,69,46
13,69,47
13,69,48
13,69,49
13,69,18
13,69,19
13,69,20
13,69,21
13,69,22
13,69,23
13,69,24
13,69,25
13,69,26
13,69,2
13,69,50
13,69,51
13,69,52
13,69,53
13,69,5
13,69,6
13,69,13
13,69,11
13,69,9
13,69,10
13,69,8
13,69,7
13,69,54
13,69,55
13,69,12
13,69,56
13,69,16
13,69,57
13,69,17
13,69,58
13,69,59
13,69,60
13,69,61
13,69,62
14,68,72
14,68,53
15,1,1
15,1,2
16,68,1
16,68,2
17,73,63
17,73,48
18,29,29
18,29,62
18,29,74
18,29,59
18,29,61
18,29,58
18,29,60
19,68,1
19,68,2
20,71,70
21,75,76
21,75,31
21,75,42
21,75,37
21,75,41
21,75,33
21,75,35
21,75,34
21,75,38
22,77,67
22,77,31
22,77,32
23,64,63
24,63,64
25,78,28
25,78,25
25,78,26
25,78,19
25,78,22
25,78,23
25,78,56
26,72,72
26,72,53
27,76,67
27,76,31
27,76,32
28,76,67
28,76,31
28,76,32
29,77,67
29,77,31
29,77,32
30,70,65
30,70,10
30,70,13
30,70,6
31,70,71
32,79,63
32,79,48
33,80,27
34,63,63
34,63,48
35,81,82
35,81,20
35,81,22
35,81,16
35,81,18
35,81,56
35,81,25
35,81,19
35,81,17
36,4,4
36,4,5
36,4,6
36,4,7
36,4,8
36,4,9
36,4,10
36,4,11
36,4,12
36,4,13
37,14,15
37,14,16
37,14,17
37,14,18
37,14,19
37,14,20
37,14,21
37,14,22
37,14,23
37,14,24
37,14,25
37,14,26
38,76,67
38,76,31
38,76,32
39,71,70
40,67,67
40,67,31
40,67,32
41,83,29
41,83,62
41,83,74
41,83,59
41,83,61
41,83,58
41,83,60
42,70,71
43,80,29
43,80,62
43,80,74
43,80,59
43,80,61
43,80,58
43,80,60
44,84,85
44,84,24
44,84,26
45,86,3
46,87,29
46,87,62
46,87,74
46,87,59
46,87,61
46,87,58
46,87,60
47,27,80
48,88,71
49,80,27
50,82,84
50,82,19
50,82,21
50,82,26
50,82,22
50,82,25
50,82,17
50,82,56
50,82,23
50,82,16
51,89,81
51,89,24
51,89,16
51,89,18
51,89,17
51,89,20
52,28,68
53,72,72
53,72,53
54,79,63
54,79,48
55,81,84
55,81,17
55,81,22
55,81,18
55,81,56
55,81,24
55,81,23
55,81,19
55,81,16
56,75,77
57,28,27
57,28,18
57,28,16
57,28,19
57,28,17
58,81,28
58,81,18
58,81,19
58,81,21
59,72,72
59,72,53
60,75,76
60,75,31
60,75,42
60,75,37
60,75,41
60,75,33
60,75,35
60,75,34
60,75,38
61,78,28
61,78,18
61,78,19
61,78,21
62,80,29
62,80,62
62,80,74
62,80,59
62,80,61
62,80,58
62,80,60
63,90,91
63,90,42
63,90,32
63,90,43
63,90,41
63,90,39
63,90,31
63,90,40
63,90,35
64,92,29
64,92,62
64,92,74
64,92,59
64,92,61
64,92,58
64,92,60
65,79,63
65,79,48
66,3,86
67,3,72
68,0,72
68,0,53
69,84,30
70,71,88
71,88,71
72,92,29
72,92,62
72,92,74
72,92,59
72,92,61
72,92,58
72,92,60
73,29,30
73,29,31
73,29,32
73,29,33
73,29,34
73,29,35
73,29,36
73,29,37
73,29,38
73,29,39
73,29,40
73,29,41
73,29,42
73,29,43
73,29,44
73,29,45
73,29,46
73,29,47
73,29,48
73,29,49
73,29,18
73,29,19
73,29,20
73,29,21
73,29,22
73,29,23
73,29,24
73,29,25
73,29,26
73,29,2
73,29,50
73,29,51
73,29,52
73,29,53
73,29,5
73,29,6
73,29,13
73,29,11
73,29,9
73,29,10
73,29,8
73,29,7
73,29,54
73,29,55
73,29,12
73,29,56
73,29,16
73,29,57
73,29,17
73,29,58
73,29,59
73,29,60
73,29,61
73,29,62
74,92,30
74,92,31
74,92,32
74,92,33
74,92,34
74,92,35
74,92,36
74,92,37
74,92,38
74,92,39
74,92,40
74,92,41
74,92,42
74,92,43
74,92,44
74,92,45
74,92,46
74,92,47
74,92,48
74,92,49
74,92,18
74,92,19
74,92,20
74,92,21
74,92,22
74,92,23
74,92,24
74,92,25
74,92,26
74,92,2
74,92,50
74,92,51
74,92,52
74,92,53
74,92,5
74,92,6
74,92,13
74,92,11
74,92,9
74,92,10
74,92,8
74,92,7
74,92,54
74,92,55
74,92,12
74,92,56
74,92,16
74,92,57
74,92,17
74,92,58
74,92,59
74,92,60
74,92,61
74,92,62
75,68,28
76,93,91
76,93,42
76,93,32
76,93,43
76,93,41
76,93,39
76,93,31
76,93,40
76,93,35
77,77,75
78,75,77
79,82,85
79,82,17
79,82,56
79,82,16
79,82,24
79,82,20
79,82,21
79,82,26
79,82,19
80,72,3
81,94,85
81,94,24
81,94,26
82,92,29
82,92,62
82,92,74
82,92,59
82,92,61
82,92,58
82,92,60
83,3,72
84,28,68
85,94,85
85,94,24
85,94,26
86,72,3
87,3,72
88,30,84
89,85,85
89,85,24
89,85,26
90,95,91
90,95,42
90,95,32
90,95,43
90,95,41
90,95,39
90,95,31
90,95,40
90,95,35
91,94,85
91,94,24
91,94,26
92,85,85
92,85,24
92,85,26
93,88,94
93,88,56
93,88,21
93,88,23
93,88,22
93,88,19
93,88,18
93,88,20
94,29,30
94,29,31
94,29,32
94,29,33
94,29,34
94,29,35
94,29,36
94,29,37
94,29,38
94,29,39
94,29,40
94,29,41
94,29,42
94,29,43
94,29,44
94,29,45
94,29,46
94,29,47
94,29,48
94,29,49
94,29,18
94,29,19
94,29,20
94,29,21
94,29,22
94,29,23
94,29,24
94,29,25
94,29,26
94,29,2
94,29,50
94,29,51
94,29,52
94,29,53
94,29,5
94,29,6
94,29,13
94,29,11
94,29,9
94,29,10
94,29,8
94,29,7
94,29,54
94,29,55
94,29,12
94,29,56
94,29,16
94,29,57
94,29,17
94,29,58
94,29,59
94,29,60
94,29,61
94,29,62
95,85,14
95,85,16
95,85,17
95,85,23
95,85,18
95,85,20
95,85,24
95,85,25
95,85,21
96,94,85
96,94,23
96,94,22
96,94,56
96,94,16
96,94,19
96,94,21
96,94,49
96,94,20
97,72,0
97,72,2
97,72,50
98,96,4
99,68,0
99,68,2
99,68,50
100,68,0
100,68,2
100,68,50
101,29,29
101,29,62
101,29,74
101,29,59
101,29,61
101,29,58
101,29,60
102,97,98
103,99,30
104,100,79
105,83,85
106,0,0
106,0,2
106,0,50
107,92,30
107,92,31
107,92,32
107,92,33
107,92,34
107,92,35
107,92,36
107,92,37
107,92,38
107,92,39
107,92,40
107,92,41
107,92,42
107,92,43
107,92,44
107,92,45
107,92,46
107,92,47
107,92,48
107,92,49
107,92,18
107,92,19
107,92,20
107,92,21
107,92,22
107,92,23
107,92,24
107,92,25
107,92,26
107,92,2
107,92,50
107,92,51
107,92,52
107,92,53
107,92,5
107,92,6
107,92,13
107,92,11
107,92,9
107,92,10
107,92,8
107,92,7
107,92,54
107,92,55
107,92,12
107,92,56
107,92,16
107,92,57
107,92,17
107,92,58
107,92,59
107,92,60
107,92,61
107,92,62
108,72,1
108,72,53
109,99,30
110,0,0
110,0,2
110,0,50
111,4,96
112,77,75
112,77,38
112,77,36
112,77,42
113,76,83
114,98,97
115,89,14
115,89,16
115,89,17
115,89,23
115,89,18
115,89,20
115,89,24
115,89,25
115,89,21
116,101,85
116,101,23
116,101,22
116,101,56
116,101,16
116,101,19
116,101,21
116,101,49
116,101,20
117,68,30
117,68,31
117,68,32
117,68,33
117,68,34
117,68,35
117,68,36
117,68,37
117,68,38
117,68,39
117,68,40
117,68,41
117,68,42
117,68,43
117,68,44
117,68,45
117,68,46
117,68,47
117,68,48
117,68,49
117,68,18
117,68,19
117,68,20
117,68,21
117,68,22
117,68,23
117,68,24
117,68,25
117,68,26
117,68,2
117,68,50
117,68,51
117,68,52
117,68,53
117,68,5
117,68,6
117,68,13
117,68,11
117,68,9
117,68,10
117,68,8
117,68,7
117,68,54
117,68,55
117,68,12
117,68,56
117,68,16
117,68,57
117,68,17
117,68,58
117,68,59
117,68,60
117,68,61
117,68,62
118,14,85
118,14,23
118,14,22
118,14,56
118,14,16
118,14,19
118,14,21
118,14,49
118,14,20
119,85,14
119,85,16
119,85,17
119,85,23
119,85,18
119,85,20
119,85,24
119,85,25
119,85,21
120,82,82
120,82,22
120,82,21
120,82,18
120,82,26
121,68,0
121,68,2
121,68,50
122,1,0
122,1,2
122,1,50
123,96,4
124,79,100
125,29,28
126,4,96
127,100,79
128,79,100
129,84,85
129,84,23
129,84,22
129,84,56
129,84,16
129,84,19
129,84,21
129,84,49
129,84,20
130,97,98
131,88,14
131,88,16
131,88,17
131,88,23
131,88,18
131,88,20
131,88,24
131,88,25
131,88,21
132,88,14
132,88,16
132,88,17
132,88,23
132,88,18
132,88,20
132,88,24
132,88,25
132,88,21
133,87,29
133,87,62
133,87,74
133,87,59
133,87,61
133,87,58
133,87,60
134,72,68
134,72,50
134,72,52
135,102,30
135,102,31
135,102,32
135,102,33
135,102,34
135,102,35
135,102,36
135,102,37
135,102,38
135,102,39
135,102,40
135,102,41
135,102,42
135,102,43
135,102,44
135,102,45
135,102,46
135,102,47
135,102,48
135,102,49
135,102,18
135,102,19
135,102,20
135,102,21
135,102,22
135,102,23
135,102,24
135,102,25
135,102,26
135,102,2
135,102,50
135,102,51
135,102,52
135,102,53
135,102,5
135,102,6
135,102,13
135,102,11
135,102,9
135,102,10
135,102,8
135,102,7
135,102,54
135,102,55
135,102,12
135,102,56
135,102,16
135,102,57
135,102,17
135,102,58
135,102,59
135,102,60
135,102,61
135,102,62
136,63,71
136,63,45
136,63,47
137,83,76
138,76,83
139,103,87
140,88,14
140,88,16
140,88,17
140,88,23
140,88,18
140,88,20
140,88,24
140,88,25
140,88,21
141,90,75
141,90,38
141,90,36
141,90,42
142,91,91
142,91,31
142,91,41
142,91,40
142,91,42
142,91,34
142,91,43
142,91,38
143,104,29
143,104,62
143,104,74
143,104,59
143,104,61
143,104,58
143,104,60
144,72,68
144,72,53
144,72,50
145,29,29
145,29,62
145,29,74
145,29,59
145,29,61
145,29,58
145,29,60
146,90,75
146,90,38
146,90,36
146,90,42
147,65,3
147,65,9
147,65,6
147,65,5
147,65,10
147,65,55
147,65,11
148,87,29
148,87,62
148,87,74
148,87,59
148,87,61
148,87,58
148,87,60
149,71,71
149,71,45
149,71,47
150,83,76
151,91,91
151,91,31
151,91,41
151,91,40
151,91,42
151,91,34
151,91,43
151,91,38
152,77,91
152,77,31
152,77,41
152,77,40
152,77,42
152,77,34
152,77,43
152,77,38
153,97,67
153,97,33
153,97,31
153,97,40
153,97,41
153,97,35
153,97,34
153,97,32
153,97,38
154,67,98
154,67,38
154,67,41
154,67,33
154,67,35
154,67,37
154,67,43
154,67,31
154,67,40
154,67,34
155,80,29
155,80,62
155,80,74
155,80,59
155,80,61
155,80,58
155,80,60
156,71,71
156,71,45
156,71,47
157,93,88
158,82,82
158,82,22
158,82,21
158,82,18
158,82,26
159,66,91
159,66,31
159,66,41
159,66,40
159,66,42
159,66,34
159,66,43
159,66,38
160,71,71
160,71,45
160,71,47
161,82,101
161,82,18
162,63,71
162,63,45
162,63,47
163,14,15
163,14,16
163,14,17
163,14,18
163,14,19
163,14,20
163,14,21
163,14,22
163,14,23
163,14,24
163,14,25
163,14,26
164,97,75
164,97,38
164,97,36
164,97,42
165,87,29
165,87,62
165,87,74
165,87,59
165,87,61
165,87,58
165,87,60
166,30,29
166,30,62
166,30,74
166,30,59
166,30,61
166,30,58
166,30,60
167,87,103
168,1,1
168,1,53
169,29,30
169,29,31
169,29,32
169,29,33
169,29,34
169,29,35
169,29,36
169,29,37
169,29,38
169,29,39
169,29,40
169,29,41
169,29,42
169,29,43
169,29,44
169,29,45
169,29,46
169,29,47
169,29,48
169,29,49
169,29,18
169,29,19
169,29,20
169,29,21
169,29,22
169,29,23
169,29,24
169,29,25
169,29,26
169,29,2
169,29,50
169,29,51
169,29,52
169,29,53
169,29,5
169,29,6
169,29,13
169,29,11
169,29,9
169,29,10
169,29,8
169,29,7
169,29,54
169,29,55
169,29,12
169,29,56
169,29,16
169,29,57
169,29,17
169,29,58
169,29,59
169,29,60
169,29,61
169,29,62
170,103,87
171,80,102
172,87,103
173,68,1
173,68,2
174,28,29
175,68,68
175,68,50
175,68,52
176,91,67
176,91,33
176,91,31
176,91,40
176,91,41
176,91,35
176,91,34
176,91,32
176,91,38
177,82,82
177,82,22
177,82,21
177,82,18
177,82,26
178,71,71
178,71,45
178,71,47
179,91,98
179,91,38
179,91,41
179,91,33
179,91,35
179,91,37
179,91,43
179,91,31
179,91,40
179,91,34
180,105,98
181,101,82
181,101,22
181,101,21
181,101,18
181,101,26
182,1,68
182,1,50
182,1,52
183,90,98
183,90,38
183,90,41
183,90,33
183,90,35
183,90,37
183,90,43
183,90,31
183,90,40
183,90,34
184,103,3
184,103,9
184,103,6
184,103,5
184,103,10
184,103,55
184,103,11
185,78,82
185,78,22
185,78,21
185,78,18
185,78,26
186,64,3
186,64,9
186,64,6
186,64,5
186,64,10
186,64,55
186,64,11
187,102,80
188,86,3
188,86,9
188,86,6
188,86,5
188,86,10
188,86,55
188,86,11
189,90,91
189,90,31
189,90,41
189,90,40
189,90,42
189,90,34
189,90,43
189,90,38
190,106,91
190,106,31
190,106,41
190,106,40
190,106,42
190,106,34
190,106,43
190,106,38
191,14,15
191,14,16
191,14,17
191,14,18
191,14,19
191,14,20
191,14,21
191,14,22
191,14,23
191,14,24
191,14,25
191,14,26
192,14,15
192,14,16
192,14,17
192,14,18
192,14,19
192,14,20
192,14,21
192,14,22
192,14,23
192,14,24
192,14,25
192,14,26
193,1,68
193,1,50
193,1,52
194,77,91
194,77,31
194,77,41
194,77,40
194,77,42
194,77,34
194,77,43
194,77,38
195,1,68
195,1,50
195,1,52
196,101,101
196,101,18
197,101,82
197,101,22
197,101,21
197,101,18
197,101,26
198,1,1
198,1,53
199,71,30
199,71,31
199,71,32
199,71,33
199,71,34
199,71,35
199,71,36
199,71,37
199,71,38
199,71,39
199,71,40
199,71,41
199,71,42
199,71,43
199,71,44
199,71,45
199,71,46
199,71,47
199,71,48
199,71,49
199,71,18
199,71,19
199,71,20
199,71,21
199,71,22
199,71,23
199,71,24
199,71,25
199,71,26
199,71,2
199,71,50
199,71,51
199,71,52
199,71,53
199,71,5
199,71,6
199,71,13
199,71,11
199,71,9
199,71,10
199,71,8
199,71,7
199,71,54
199,71,55
199,71,12
199,71,56
199,71,16
199,71,57
199,71,17
199,71,58
199,71,59
199,71,60
199,71,61
199,71,62
200,80,29
200,80,62
200,80,74
200,80,59
200,80,61
200,80,58
200,80,60
201,105,30
201,105,31
201,105,32
201,105,33
201,105,34
201,105,35
201,105,36
201,105,37
201,105,38
201,105,39
201,105,40
201,105,41
201,105,42
201,105,43
201,105,44
201,105,45
201,105,46
201,105,47
201,105,48
201,105,49
201,105,18
201,105,19
201,105,20
201,105,21
201,105,22
201,105,23
201,105,24
201,105,25
201,105,26
201,105,2
201,105,50
201,105,51
201,105,52
201,105,53
201,105,5
201,105,6
201,105,13
201,105,11
201,105,9
201,105,10
201,105,8
201,105,7
201,105,54
201,105,55
201,105,12
201,105,56
201,105,16
201,105,57
201,105,17
201,105,58
201,105,59
201,105,60
201,105,61
201,105,62
202,64,3
202,64,9
202,64,6
202,64,5
202,64,10
202,64,55
202,64,11
203,82,84
203,82,17
203,82,16
203,82,22
203,82,26
204,67,98
204,67,38
204,67,41
204,67,33
204,67,35
204,67,37
204,67,43
204,67,31
204,67,40
204,67,34
205,87,29
205,87,62
205,87,74
205,87,59
205,87,61
205,87,58
205,87,60
206,83,29
206,83,62
206,83,74
206,83,59
206,83,61
206,83,58
206,83,60
207,68,68
207,68,53
207,68,50
208,98,30
208,98,31
208,98,32
208,98,33
208,98,34
208,98,35
208,98,36
208,98,37
208,98,38
208,98,39
208,98,40
208,98,41
208,98,42
208,98,43
208,98,44
208,98,45
208,98,46
208,98,47
208,98,48
208,98,49
208,98,18
208,98,19
208,98,20
208,98,21
208,98,22
208,98,23
208,98,24
208,98,25
208,98,26
208,98,2
208,98,50
208,98,51
208,98,52
208,98,53
208,98,5
208,98,6
208,98,13
208,98,11
208,98,9
208,98,10
208,98,8
208,98,7
208,98,54
208,98,55
208,98,12
208,98,56
208,98,16
208,98,57
208,98,17
208,98,58
208,98,59
208,98,60
208,98,61
208,98,62
209,80,102
210,1,68
210,1,53
210,1,50
211,68,68
211,68,53
211,68,50
212,96,30
212,96,31
212,96,32
212,96,33
212,96,34
212,96,35
212,96,36
212,96,37
212,96,38
212,96,39
212,96,40
212,96,41
212,96,42
212,96,43
212,96,44
212,96,45
212,96,46
212,96,47
212,96,48
212,96,49
212,96,18
212,96,19
212,96,20
212,96,21
212,96,22
212,96,23
212,96,24
212,96,25
212,96,26
212,96,2
212,96,50
212,96,51
212,96,52
212,96,53
212,96,5
212,96,6
212,96,13
212,96,11
212,96,9
212,96,10
212,96,8
212,96,7
212,96,54
212,96,55
212,96,12
212,96,56
212,96,16
212,96,57
212,96,17
212,96,58
212,96,59
212,96,60
212,96,61
212,96,62
213,68,68
213,68,50
213,68,52
214,72,68
214,72,50
214,72,52
215,92,29
215,92,62
215,92,74
215,92,59
215,92,61
215,92,58
215,92,60
216,98,105
217,64,3
217,64,9
217,64,6
217,64,5
217,64,10
217,64,55
217,64,11
218,68,68
218,68,53
218,68,50
219,104,29
219,104,62
219,104,74
219,104,59
219,104,61
219,104,58
219,104,60
220,92,29
220,92,62
220,92,74
220,92,59
220,92,61
220,92,58
220,92,60
221,68,1
221,68,2
222,92,29
222,92,62
222,92,74
222,92,59
222,92,61
222,92,58
222,92,60
223,105,98
224,68,68
224,68,53
224,68,50
225,78,101
225,78,18
226,98,105
227,68,68
227,68,53
227,68,50
228,81,28
228,81,16
228,81,18
228,81,20
229,94,84
229,94,17
229,94,16
229,94,22
229,94,26
230,101,88
230,101,21
230,101,23
230,101,56
230,101,25
230,101,20
230,101,19
230,101,17
230,101,26
230,101,18
231,27,84
231,27,17
231,27,16
231,27,22
231,27,26
232,105,98
233,27,84
233,27,17
233,27,16
233,27,22
233,27,26
234,30,29
234,30,62
234,30,74
234,30,59
234,30,61
234,30,58
234,30,60
235,63,63
235,63,107
235,63,45
236,3,85
237,0,0
237,0,50
237,0,52
238,104,29
238,104,62
238,104,74
238,104,59
238,104,61
238,104,58
238,104,60
239,14,82
239,14,19
239,14,49
239,14,16
239,14,56
239,14,26
239,14,24
239,14,21
239,14,22
239,14,17
239,14,25
239,14,18
240,73,63
240,73,107
240,73,45
241,76,91
241,76,36
242,63,63
242,63,107
242,63,45
243,81,98
244,68,68
244,68,53
244,68,52
245,69,75
246,96,63
246,96,107
246,96,45
247,29,30
247,29,31
247,29,32
247,29,33
247,29,34
247,29,35
247,29,36
247,29,37
247,29,38
247,29,39
247,29,40
247,29,41
247,29,42
247,29,43
247,29,44
247,29,45
247,29,46
247,29,47
247,29,48
247,29,49
247,29,18
247,29,19
247,29,20
247,29,21
247,29,22
247,29,23
247,29,24
247,29,25
247,29,26
247,29,2
247,29,50
247,29,51
247,29,52
247,29,53
247,29,5
247,29,6
247,29,13
247,29,11
247,29,9
247,29,10
247,29,8
247,29,7
247,29,54
247,29,55
247,29,12
247,29,56
247,29,16
247,29,57
247,29,17
247,29,58
247,29,59
247,29,60
247,29,61
247,29,62
248,73,96
248,73,44
249,73,63
249,73,107
249,73,45
250,73,79
250,73,47
251,71,96
251,71,44
252,96,63
252,96,107
252,96,45
253,64,65
254,82,82
254,82,19
254,82,49
254,82,16
254,82,56
254,82,26
254,82,24
254,82,21
254,82,22
254,82,17
254,82,25
254,82,18
255,63,79
255,63,47
256,0,68
256,0,53
256,0,52
257,73,63
257,73,107
257,73,45
258,30,29
258,30,62
258,30,74
258,30,59
258,30,61
258,30,58
258,30,60
259,78,82
259,78,19
259,78,49
259,78,16
259,78,56
259,78,26
259,78,24
259,78,21
259,78,22
259,78,17
259,78,25
259,78,18
260,71,96
260,71,44
261,96,63
261,96,107
261,96,45
262,88,82
262,88,21
262,88,19
263,72,68
263,72,53
263,72,52
264,68,68
264,68,53
264,68,52
265,1,0
265,1,50
265,1,52
266,87,29
266,87,62
266,87,74
266,87,59
266,87,61
266,87,58
266,87,60
267,72,0
267,72,50
267,72,52
268,82,82
268,82,19
268,82,49
268,82,16
268,82,56
268,82,26
268,82,24
268,82,21
268,82,22
268,82,17
268,82,25
268,82,18
269,98,81
270,101,82
270,101,19
270,101,49
270,101,16
270,101,56
270,101,26
270,101,24
270,101,21
270,101,22
270,101,17
270,101,25
270,101,18
271,96,96
271,96,44
272,63,79
272,63,47
273,97,91
273,97,36
274,96,96
274,96,44
275,81,98
276,98,81
277,81,98
278,65,64
279,29,30
279,29,31
279,29,32
279,29,33
279,29,34
279,29,35
279,29,36
279,29,37
279,29,38
279,29,39
279,29,40
279,29,41
279,29,42
279,29,43
279,29,44
279,29,45
279,29,46
279,29,47
279,29,48
279,29,49
279,29,18
279,29,19
279,29,20
279,29,21
279,29,22
279,29,23
279,29,24
279,29,25
279,29,26
279,29,2
279,29,50
279,29,51
279,29,52
279,29,53
279,29,5
279,29,6
279,29,13
279,29,11
279,29,9
279,29,10
279,29,8
279,29,7
279,29,54
279,29,55
279,29,12
279,29,56
279,29,16
279,29,57
279,29,17
279,29,58
279,29,59
279,29,60
279,29,61
279,29,62
280,87,29
280,87,62
280,87,74
280,87,59
280,87,61
280,87,58
280,87,60
281,68,68
281,68,53
281,68,52
282,29,30
282,29,31
282,29,32
282,29,33
282,29,34
282,29,35
282,29,36
282,29,37
282,29,38
282,29,39
282,29,40
282,29,41
282,29,42
282,29,43
282,29,44
282,29,45
282,29,46
282,29,47
282,29,48
282,29,49
282,29,18
282,29,19
282,29,20
282,29,21
282,29,22
282,29,23
282,29,24
282,29,25
282,29,26
282,29,2
282,29,50
282,29,51
282,29,52
282,29,53
282,29,5
282,29,6
282,29,13
282,29,11
282,29,9
282,29,10
282,29,8
282,29,7
282,29,54
282,29,55
282,29,12
282,29,56
282,29,16
282,29,57
282,29,17
282,29,58
282,29,59
282,29,60
282,29,61
282,29,62
283,63,79
283,63,47
284,101,82
284,101,19
284,101,49
284,101,16
284,101,56
284,101,26
284,101,24
284,101,21
284,101,22
284,101,17
284,101,25
284,101,18
285,64,65
286,104,29
286,104,62
286,104,74
286,104,59
286,104,61
286,104,58
286,104,60
287,92,30
287,92,31
287,92,32
287,92,33
287,92,34
287,92,35
287,92,36
287,92,37
287,92,38
287,92,39
287,92,40
287,92,41
287,92,42
287,92,43
287,92,44
287,92,45
287,92,46
287,92,47
287,92,48
287,92,49
287,92,18
287,92,19
287,92,20
287,92,21
287,92,22
287,92,23
287,92,24
287,92,25
287,92,26
287,92,2
287,92,50
287,92,51
287,92,52
287,92,53
287,92,5
287,92,6
287,92,13
287,92,11
287,92,9
287,92,10
287,92,8
287,92,7
287,92,54
287,92,55
287,92,12
287,92,56
287,92,16
287,92,57
287,92,17
287,92,58
287,92,59
287,92,60
287,92,61
287,92,62
288,80,29
288,80,62
288,80,74
288,80,59
288,80,61
288,80,58
288,80,60
289,70,108
289,70,9
289,70,55
289,70,8
289,70,13
289,70,10
290,65,64
291,97,91
291,97,36
292,101,82
292,101,21
292,101,19
293,30,29
293,30,62
293,30,74
293,30,59
293,30,61
293,30,58
293,30,60
294,83,29
294,83,62
294,83,74
294,83,59
294,83,61
294,83,58
294,83,60
295,4,30
295,4,31
295,4,32
295,4,33
295,4,34
295,4,35
295,4,36
295,4,37
295,4,38
295,4,39
295,4,40
295,4,41
295,4,42
295,4,43
295,4,44
295,4,45
295,4,46
295,4,47
295,4,48
295,4,49
295,4,18
295,4,19
295,4,20
295,4,21
295,4,22
295,4,23
295,4,24
295,4,25
295,4,26
295,4,2
295,4,50
295,4,51
295,4,52
295,4,53
295,4,5
295,4,6
295,4,13
295,4,11
295,4,9
295,4,10
295,4,8
295,4,7
295,4,54
295,4,55
295,4,12
295,4,56
295,4,16
295,4,57
295,4,17
295,4,58
295,4,59
295,4,60
295,4,61
295,4,62
296,101,82
296,101,21
296,101,19
297,14,15
297,14,16
297,14,17
297,14,18
297,14,19
297,14,20
297,14,21
297,14,22
297,14,23
297,14,24
297,14,25
297,14,26
298,76,93
298,76,31
298,76,34
298,76,36
299,14,15
299,14,16
299,14,17
299,14,18
299,14,19
299,14,20
299,14,21
299,14,22
299,14,23
299,14,24
299,14,25
299,14,26
300,68,1
300,68,2
301,92,29
301,92,62
301,92,74
301,92,59
301,92,61
301,92,58
301,92,60
302,0,0
302,0,2
302,0,52
303,68,1
303,68,2
304,101,82
304,101,21
304,101,19
305,101,82
305,101,21
305,101,19
306,64,108
306,64,9
306,64,55
306,64,8
306,64,13
306,64,10
307,82,82
307,82,21
307,82,19
308,64,108
308,64,9
308,64,55
308,64,8
308,64,13
308,64,10
309,81,15
309,81,22
309,81,16
309,81,24
309,81,18
309,81,21
309,81,17
309,81,20
310,86,30
310,86,31
310,86,32
310,86,33
310,86,34
310,86,35
310,86,36
310,86,37
310,86,38
310,86,39
310,86,40
310,86,41
310,86,42
310,86,43
310,86,44
310,86,45
310,86,46
310,86,47
310,86,48
310,86,49
310,86,18
310,86,19
310,86,20
310,86,21
310,86,22
310,86,23
310,86,24
310,86,25
310,86,26
310,86,2
310,86,50
310,86,51
310,86,52
310,86,53
310,86,5
310,86,6
310,86,13
310,86,11
310,86,9
310,86,10
310,86,8
310,86,7
310,86,54
310,86,55
310,86,12
310,86,56
310,86,16
310,86,57
310,86,17
310,86,58
310,86,59
310,86,60
310,86,61
310,86,62
311,81,94
311,81,17
311,81,22
311,81,56
311,81,19
311,81,20
311,81,21
311,81,18
311,81,23
311,81,25
312,28,85
312,28,23
312,28,56
312,28,19
312,28,20
312,28,21
312,28,17
313,83,29
313,83,62
313,83,74
313,83,59
313,83,61
313,83,58
313,83,60
314,64,108
314,64,9
314,64,55
314,64,8
314,64,13
314,64,10
315,96,30
315,96,31
315,96,32
315,96,33
315,96,34
315,96,35
315,96,36
315,96,37
315,96,38
315,96,39
315,96,40
315,96,41
315,96,42
315,96,43
315,96,44
315,96,45
315,96,46
315,96,47
315,96,48
315,96,49
315,96,18
315,96,19
315,96,20
315,96,21
315,96,22
315,96,23
315,96,24
315,96,25
315,96,26
315,96,2
315,96,50
315,96,51
315,96,52
315,96,53
315,96,5
315,96,6
315,96,13
315,96,11
315,96,9
315,96,10
315,96,8
315,96,7
315,96,54
315,96,55
315,96,12
315,96,56
315,96,16
315,96,57
315,96,17
315,96,58
315,96,59
315,96,60
315,96,61
315,96,62
316,91,30
316,91,31
316,91,32
316,91,33
316,91,34
316,91,35
316,91,36
316,91,37
316,91,38
316,91,39
316,91,40
316,91,41
316,91,42
316,91,43
316,91,44
316,91,45
316,91,46
316,91,47
316,91,48
316,91,49
316,91,18
316,91,19
316,91,20
316,91,21
316,91,22
316,91,23
316,91,24
316,91,25
316,91,26
316,91,2
316,91,50
316,91,51
316,91,52
316,91,53
316,91,5
316,91,6
316,91,13
316,91,11
316,91,9
316,91,10
316,91,8
316,91,7
316,91,54
316,91,55
316,91,12
316,91,56
316,91,16
316,91,57
316,91,17
316,91,58
316,91,59
316,91,60
316,91,61
316,91,62
317,104,29
317,104,62
317,104,74
317,104,59
317,104,61
317,104,58
317,104,60
318,81,81
318,81,21
318,81,16
318,81,24
318,81,18
318,81,56
318,81,20
319,77,93
319,77,31
319,77,34
319,77,36
320,0,0
320,0,2
320,0,52
321,101,78
321,101,22
321,101,23
321,101,25
321,101,17
321,101,56
321,101,24
321,101,19
321,101,21
322,94,85
322,94,56
322,94,20
322,94,17
322,94,23
322,94,18
322,94,21
322,94,26
323,89,82
323,89,16
323,89,25
323,89,17
323,89,26
323,89,21
323,89,20
323,89,24
323,89,18
323,89,19
324,93,93
324,93,31
324,93,34
324,93,36
325,101,88
325,101,20
325,101,56
325,101,22
325,101,26
325,101,16
325,101,18
325,101,19
325,101,25
325,101,17
326,77,93
326,77,31
326,77,34
326,77,36
327,87,29
327,87,62
327,87,74
327,87,59
327,87,61
327,87,58
327,87,60
328,97,93
328,97,31
328,97,34
328,97,36
329,77,93
329,77,31
329,77,34
329,77,36
330,77,93
330,77,31
330,77,34
330,77,36
331,0,0
331,0,2
331,0,52
332,0,0
332,0,2
332,0,52
333,77,93
333,77,31
333,77,34
333,77,36
334,84,14
334,84,18
334,84,21
334,84,26
334,84,24
334,84,25
334,84,23
335,71,73
335,71,48
335,71,45
335,71,47
336,78,14
336,78,18
336,78,21
336,78,26
336,78,24
336,78,25
336,78,23
337,92,30
337,92,31
337,92,32
337,92,33
337,92,34
337,92,35
337,92,36
337,92,37
337,92,38
337,92,39
337,92,40
337,92,41
337,92,42
337,92,43
337,92,44
337,92,45
337,92,46
337,92,47
337,92,48
337,92,49
337,92,18
337,92,19
337,92,20
337,92,21
337,92,22
337,92,23
337,92,24
337,92,25
337,92,26
337,92,2
337,92,50
337,92,51
337,92,52
337,92,53
337,92,5
337,92,6
337,92,13
337,92,11
337,92,9
337,92,10
337,92,8
337,92,7
337,92,54
337,92,55
337,92,12
337,92,56
337,92,16
337,92,57
337,92,17
337,92,58
337,92,59
337,92,60
337,92,61
337,92,62
338,68,1
338,68,53
338,68,52
339,72,68
339,72,52
340,88,14
340,88,18
340,88,21
340,88,26
340,88,24
340,88,25
340,88,23
341,76,65
342,96,73
342,96,48
342,96,45
342,96,47
343,103,28
344,82,85
344,82,24
344,82,18
344,82,23
344,82,26
345,105,3
345,105,54
345,105,10
345,105,6
345,105,12
345,105,55
346,79,73
346,79,48
346,79,45
346,79,47
347,73,73
347,73,48
347,73,45
347,73,47
348,78,14
348,78,18
348,78,21
348,78,26
348,78,24
348,78,25
348,78,23
349,99,84
350,85,14
350,85,18
350,85,21
350,85,26
350,85,24
350,85,25
350,85,23
351,68,68
351,68,52
352,78,14
352,78,18
352,78,21
352,78,26
352,78,24
352,78,25
352,78,23
353,28,82
354,68,68
354,68,52
355,72,68
355,72,52
356,28,103
357,75,75
357,75,42
357,75,31
358,87,29
358,87,62
358,87,74
358,87,59
358,87,61
358,87,58
358,87,60
359,1,1
359,1,53
359,1,52
360,68,0
360,68,50
361,96,73
361,96,48
361,96,45
361,96,47
362,103,28
363,29,30
363,29,31
363,29,32
363,29,33
363,29,34
363,29,35
363,29,36
363,29,37
363,29,38
363,29,39
363,29,40
363,29,41
363,29,42
363,29,43
363,29,44
363,29,45
363,29,46
363,29,47
363,29,48
363,29,49
363,29,18
363,29,19
363,29,20
363,29,21
363,29,22
363,29,23
363,29,24
363,29,25
363,29,26
363,29,2
363,29,50
363,29,51
363,29,52
363,29,53
363,29,5
363,29,6
363,29,13
363,29,11
363,29,9
363,29,10
363,29,8
363,29,7
363,29,54
363,29,55
363,29,12
363,29,56
363,29,16
363,29,57
363,29,17
363,29,58
363,29,59
363,29,60
363,29,61
363,29,62
364,79,73
364,79,48
364,79,45
364,79,47
365,30,86
366,72,68
366,72,52
367,63,73
367,63,48
367,63,45
367,63,47
368,72,68
368,72,52
369,0,0
369,0,50
370,86,30
371,64,70
371,64,11
371,64,12
371,64,5
372,28,103
373,75,75
373,75,42
373,75,31
374,98,98
374,98,35
374,98,41
374,98,38
374,98,31
374,98,39
374,98,32
374,98,34
374,98,40
374,98,36
374,98,43
375,103,28
376,72,68
376,72,52
377,30,86
378,77,75
378,77,42
378,77,31
379,82,85
379,82,24
379,82,18
379,82,23
379,82,26
380,84,99
381,82,28
382,14,15
382,14,16
382,14,17
382,14,18
382,14,19
382,14,20
382,14,21
382,14,22
382,14,23
382,14,24
382,14,25
382,14,26
383,99,84
384,84,99
385,99,84
386,75,75
386,75,42
386,75,31
387,92,29
387,92,62
387,92,74
387,92,59
387,92,61
387,92,58
387,92,60
388,75,98
388,75,35
388,75,41
388,75,38
388,75,31
388,75,39
388,75,32
388,75,34
388,75,40
388,75,36
388,75,43
389,77,75
389,77,42
389,77,31
390,4,28
391,4,3
391,4,54
391,4,10
391,4,6
391,4,12
391,4,55
392,98,98
392,98,35
392,98,41
392,98,38
392,98,31
392,98,39
392,98,32
392,98,34
392,98,40
392,98,36
392,98,43
393,86,30
394,106,102
394,106,32
394,106,43
394,106,34
395,85,94
395,85,21
395,85,19
395,85,25
395,85,56
395,85,17
395,85,18
395,85,22
395,85,23
395,85,20
396,96,96
396,96,47
396,96,48
396,96,107
397,94,78
397,94,56
397,94,25
397,94,26
398,98,75
398,98,42
398,98,31
399,15,28
399,15,56
399,15,24
399,15,19
399,15,23
399,15,25
399,15,16
399,15,20
399,15,26
400,98,98
400,98,35
400,98,41
400,98,38
400,98,31
400,98,39
400,98,32
400,98,34
400,98,40
400,98,36
400,98,43
401,28,82
402,14,15
402,14,16
402,14,17
402,14,18
402,14,19
402,14,20
402,14,21
402,14,22
402,14,23
402,14,24
402,14,25
402,14,26
403,98,30
403,98,31
403,98,32
403,98,33
403,98,34
403,98,35
403,98,36
403,98,37
403,98,38
403,98,39
403,98,40
403,98,41
403,98,42
403,98,43
403,98,44
403,98,45
403,98,46
403,98,47
403,98,48
403,98,49
403,98,18
403,98,19
403,98,20
403,98,21
403,98,22
403,98,23
403,98,24
403,98,25
403,98,26
403,98,2
403,98,50
403,98,51
403,98,52
403,98,53
403,98,5
403,98,6
403,98,13
403,98,11
403,98,9
403,98,10
403,98,8
403,98,7
403,98,54
403,98,55
403,98,12
403,98,56
403,98,16
403,98,57
403,98,17
403,98,58
403,98,59
403,98,60
403,98,61
403,98,62
404,1,30
404,1,31
404,1,32
404,1,33
404,1,34
404,1,35
404,1,36
404,1,37
404,1,38
404,1,39
404,1,40
404,1,41
404,1,42
404,1,43
404,1,44
404,1,45
404,1,46
404,1,47
404,1,48
404,1,49
404,1,18
404,1,19
404,1,20
404,1,21
404,1,22
404,1,23
404,1,24
404,1,25
404,1,26
404,1,2
404,1,50
404,1,51
404,1,52
404,1,53
404,1,5
404,1,6
404,1,13
404,1,11
404,1,9
404,1,10
404,1,8
404,1,7
404,1,54
404,1,55
404,1,12
404,1,56
404,1,16
404,1,57
404,1,17
404,1,58
404,1,59
404,1,60
404,1,61
404,1,62
405,106,98
405,106,35
405,106,41
405,106,38
405,106,31
405,106,39
405,106,32
405,106,34
405,106,40
405,106,36
405,106,43
406,97,90
406,97,40
406,97,35
406,97,37
406,97,34
406,97,32
406,97,36
406,97,43
406,97,31
406,97,39
406,97,41
407,84,82
407,84,17
407,84,21
407,84,26
407,84,20
407,84,25
407,84,24
407,84,16
407,84,18
408,77,30
408,77,31
408,77,32
408,77,33
408,77,34
408,77,35
408,77,36
408,77,37
408,77,38
408,77,39
408,77,40
408,77,41
408,77,42
408,77,43
408,77,44
408,77,45
408,77,46
408,77,47
408,77,48
408,77,49
408,77,18
408,77,19
408,77,20
408,77,21
408,77,22
408,77,23
408,77,24
408,77,25
408,77,26
408,77,2
408,77,50
408,77,51
408,77,52
408,77,53
408,77,5
408,77,6
408,77,13
408,77,11
408,77,9
408,77,10
408,77,8
408,77,7
408,77,54
408,77,55
408,77,12
408,77,56
408,77,16
408,77,57
408,77,17
408,77,58
408,77,59
408,77,60
408,77,61
408,77,62
409,99,70
409,99,11
409,99,12
409,99,5
410,82,28
411,28,4
412,30,29
412,30,62
412,30,74
412,30,59
412,30,61
412,30,58
412,30,60
413,3,30
413,3,31
413,3,32
413,3,33
413,3,34
413,3,35
413,3,36
413,3,37
413,3,38
413,3,39
413,3,40
413,3,41
413,3,42
413,3,43
413,3,44
413,3,45
413,3,46
413,3,47
413,3,48
413,3,49
413,3,18
413,3,19
413,3,20
413,3,21
413,3,22
413,3,23
413,3,24
413,3,25
413,3,26
413,3,2
413,3,50
413,3,51
413,3,52
413,3,53
413,3,5
413,3,6
413,3,13
413,3,11
413,3,9
413,3,10
413,3,8
413,3,7
413,3,54
413,3,55
413,3,12
413,3,56
413,3,16
413,3,57
413,3,17
413,3,58
413,3,59
413,3,60
413,3,61
413,3,62
414,75,30
414,75,31
414,75,32
414,75,33
414,75,34
414,75,35
414,75,36
414,75,37
414,75,38
414,75,39
414,75,40
414,75,41
414,75,42
414,75,43
414,75,44
414,75,45
414,75,46
414,75,47
414,75,48
414,75,49
414,75,18
414,75,19
414,75,20
414,75,21
414,75,22
414,75,23
414,75,24
414,75,25
414,75,26
414,75,2
414,75,50
414,75,51
414,75,52
414,75,53
414,75,5
414,75,6
414,75,13
414,75,11
414,75,9
414,75,10
414,75,8
414,75,7
414,75,54
414,75,55
414,75,12
414,75,56
414,75,16
414,75,57
414,75,17
414,75,58
414,75,59
414,75,60
414,75,61
414,75,62
415,94,85
415,94,24
415,94,18
415,94,23
415,94,26
416,14,15
416,14,16
416,14,17
416,14,18
416,14,19
416,14,20
416,14,21
416,14,22
416,14,23
416,14,24
416,14,25
416,14,26
417,3,3
417,3,54
417,3,10
417,3,6
417,3,12
417,3,55
418,3,3
418,3,54
418,3,10
418,3,6
418,3,12
418,3,55
419,102,98
419,102,35
419,102,41
419,102,38
419,102,31
419,102,39
419,102,32
419,102,34
419,102,40
419,102,36
419,102,43
420,99,70
420,99,11
420,99,12
420,99,5
421,4,28
422,3,3
422,3,54
422,3,10
422,3,6
422,3,12
422,3,55
423,105,70
423,105,11
423,105,12
423,105,5
424,90,98
424,90,35
424,90,41
424,90,38
424,90,31
424,90,39
424,90,32
424,90,34
424,90,40
424,90,36
424,90,43
425,105,3
425,105,54
425,105,10
425,105,6
425,105,12
425,105,55
426,15,78
426,15,22
426,15,21
426,15,23
426,15,26
427,76,102
427,76,32
427,76,43
427,76,34
428,73,96
428,73,47
428,73,48
428,73,107
429,79,96
429,79,47
429,79,48
429,79,107
430,97,90
430,97,40
430,97,35
430,97,37
430,97,34
430,97,32
430,97,36
430,97,43
430,97,31
430,97,39
430,97,41
431,95,90
431,95,40
431,95,35
431,95,37
431,95,34
431,95,32
431,95,36
431,95,43
431,95,31
431,95,39
431,95,41
432,87,29
432,87,62
432,87,74
432,87,59
432,87,61
432,87,58
432,87,60
433,77,90
433,77,40
433,77,35
433,77,37
433,77,34
433,77,32
433,77,36
433,77,43
433,77,31
433,77,39
433,77,41
434,84,28
434,84,23
434,84,25
435,94,84
435,94,17
435,94,16
435,94,22
435,94,21
435,94,18
436,94,89
436,94,23
436,94,21
436,94,17
436,94,19
436,94,24
436,94,22
436,94,25
436,94,20
436,94,18
436,94,56
437,102,98
437,102,41
437,102,33
437,102,37
437,102,35
437,102,31
437,102,36
438,29,30
438,29,31
438,29,32
438,29,33
438,29,34
438,29,35
438,29,36
438,29,37
438,29,38
438,29,39
438,29,40
438,29,41
438,29,42
438,29,43
438,29,44
438,29,45
438,29,46
438,29,47
438,29,48
438,29,49
438,29,18
438,29,19
438,29,20
438,29,21
438,29,22
438,29,23
438,29,24
438,29,25
438,29,26
438,29,2
438,29,50
438,29,51
438,29,52
438,29,53
438,29,5
438,29,6
438,29,13
438,29,11
438,29,9
438,29,10
438,29,8
438,29,7
438,29,54
438,29,55
438,29,12
438,29,56
438,29,16
438,29,57
438,29,17
438,29,58
438,29,59
438,29,60
438,29,61
438,29,62
439,75,65
440,94,81
440,94,18
441,1,68
441,1,53
441,1,52
442,106,81
443,98,93
443,98,40
443,98,33
443,98,36
443,98,35
443,98,43
443,98,34
443,98,31
443,98,41
443,98,37
443,98,32
444,72,108
445,15,68
446,79,65
447,66,93
447,66,40
447,66,33
447,66,36
447,66,35
447,66,43
447,66,34
447,66,31
447,66,41
447,66,37
447,66,32
448,81,81
448,81,18
449,66,93
449,66,40
449,66,33
449,66,36
449,66,35
449,66,43
449,66,34
449,66,31
449,66,41
449,66,37
449,66,32
450,65,75
451,14,15
451,14,16
451,14,17
451,14,18
451,14,19
451,14,20
451,14,21
451,14,22
451,14,23
451,14,24
451,14,25
451,14,26
452,81,81
452,81,18
453,91,98
453,91,41
453,91,33
453,91,37
453,91,35
453,91,31
453,91,36
454,29,89
455,73,71
455,73,45
456,75,65
457,78,81
457,78,18
458,78,81
458,78,18
459,108,93
460,66,97
460,66,31
460,66,38
460,66,41
461,99,30
462,68,15
463,87,29
463,87,62
463,87,74
463,87,59
463,87,61
463,87,58
463,87,60
464,101,100
465,75,93
465,75,40
465,75,33
465,75,36
465,75,35
465,75,43
465,75,34
465,75,31
465,75,41
465,75,37
465,75,32
466,87,29
466,87,62
466,87,74
466,87,59
466,87,61
466,87,58
466,87,60
467,1,30
467,1,31
467,1,32
467,1,33
467,1,34
467,1,35
467,1,36
467,1,37
467,1,38
467,1,39
467,1,40
467,1,41
467,1,42
467,1,43
467,1,44
467,1,45
467,1,46
467,1,47
467,1,48
467,1,49
467,1,18
467,1,19
467,1,20
467,1,21
467,1,22
467,1,23
467,1,24
467,1,25
467,1,26
467,1,2
467,1,50
467,1,51
467,1,52
467,1,53
467,1,5
467,1,6
467,1,13
467,1,11
467,1,9
467,1,10
467,1,8
467,1,7
467,1,54
467,1,55
467,1,12
467,1,56
467,1,16
467,1,57
467,1,17
467,1,58
467,1,59
467,1,60
467,1,61
467,1,62
468,72,1
468,72,53
469,83,29
469,83,62
469,83,74
469,83,59
469,83,61
469,83,58
469,83,60
470,89,29
471,68,68
471,68,53
471,68,52
472,78,81
472,78,18
473,15,68
474,84,27
474,84,16
475,29,30
475,29,31
475,29,32
475,29,33
475,29,34
475,29,35
475,29,36
475,29,37
475,29,38
475,29,39
475,29,40
475,29,41
475,29,42
475,29,43
475,29,44
475,29,45
475,29,46
475,29,47
475,29,48
475,29,49
475,29,18
475,29,19
475,29,20
475,29,21
475,29,22
475,29,23
475,29,24
475,29,25
475,29,26
475,29,2
475,29,50
475,29,51
475,29,52
475,29,53
475,29,5
475,29,6
475,29,13
475,29,11
475,29,9
475,29,10
475,29,8
475,29,7
475,29,54
475,29,55
475,29,12
475,29,56
475,29,16
475,29,57
475,29,17
475,29,58
475,29,59
475,29,60
475,29,61
475,29,62
476,4,30
476,4,31
476,4,32
476,4,33
476,4,34
476,4,35
476,4,36
476,4,37
476,4,38
476,4,39
476,4,40
476,4,41
476,4,42
476,4,43
476,4,44
476,4,45
476,4,46
476,4,47
476,4,48
476,4,49
476,4,18
476,4,19
476,4,20
476,4,21
476,4,22
476,4,23
476,4,24
476,4,25
476,4,26
476,4,2
476,4,50
476,4,51
476,4,52
476,4,53
476,4,5
476,4,6
476,4,13
476,4,11
476,4,9
476,4,10
476,4,8
476,4,7
476,4,54
476,4,55
476,4,12
476,4,56
476,4,16
476,4,57
476,4,17
476,4,58
476,4,59
476,4,60
476,4,61
476,4,62
477,103,100
477,103,10
477,103,7
477,103,54
477,103,5
477,103,12
477,103,9
477,103,11
478,29,89
479,103,30
479,103,31
479,103,32
479,103,33
479,103,34
479,103,35
479,103,36
479,103,37
479,103,38
479,103,39
479,103,40
479,103,41
479,103,42
479,103,43
479,103,44
479,103,45
479,103,46
479,103,47
479,103,48
479,103,49
479,103,18
479,103,19
479,103,20
479,103,21
479,103,22
479,103,23
479,103,24
479,103,25
479,103,26
479,103,2
479,103,50
479,103,51
479,103,52
479,103,53
479,103,5
479,103,6
479,103,13
479,103,11
479,103,9
479,103,10
479,103,8
479,103,7
479,103,54
479,103,55
479,103,12
479,103,56
479,103,16
479,103,57
479,103,17
479,103,58
479,103,59
479,103,60
479,103,61
479,103,62
480,84,81
480,84,21
480,84,24
480,84,25
480,84,23
480,84,20
481,68,15
482,89,29
483,30,29
483,30,62
483,30,74
483,30,59
483,30,61
483,30,58
483,30,60
484,99,30
485,87,29
485,87,62
485,87,74
485,87,59
485,87,61
485,87,58
485,87,60
486,93,30
486,93,31
486,93,32
486,93,33
486,93,34
486,93,35
486,93,36
486,93,37
486,93,38
486,93,39
486,93,40
486,93,41
486,93,42
486,93,43
486,93,44
486,93,45
486,93,46
486,93,47
486,93,48
486,93,49
486,93,18
486,93,19
486,93,20
486,93,21
486,93,22
486,93,23
486,93,24
486,93,25
486,93,26
486,93,2
486,93,50
486,93,51
486,93,52
486,93,53
486,93,5
486,93,6
486,93,13
486,93,11
486,93,9
486,93,10
486,93,8
486,93,7
486,93,54
486,93,55
486,93,12
486,93,56
486,93,16
486,93,57
486,93,17
486,93,58
486,93,59
486,93,60
486,93,61
486,93,62
487,29,29
487,29,62
487,29,74
487,29,59
487,29,61
487,29,58
487,29,60
488,0,72
488,0,53
489,29,89
490,89,29
491,78,30
492,83,29
492,83,62
492,83,74
492,83,59
492,83,61
492,83,58
492,83,60
493,96,71
493,96,45
494,64,90
495,92,30
495,92,31
495,92,32
495,92,33
495,92,34
495,92,35
495,92,36
495,92,37
495,92,38
495,92,39
495,92,40
495,92,41
495,92,42
495,92,43
495,92,44
495,92,45
495,92,46
495,92,47
495,92,48
495,92,49
495,92,18
495,92,19
495,92,20
495,92,21
495,92,22
495,92,23
495,92,24
495,92,25
495,92,26
495,92,2
495,92,50
495,92,51
495,92,52
495,92,53
495,92,5
495,92,6
495,92,13
495,92,11
495,92,9
495,92,10
495,92,8
495,92,7
495,92,54
495,92,55
495,92,12
495,92,56
495,92,16
495,92,57
495,92,17
495,92,58
495,92,59
495,92,60
495,92,61
495,92,62
496,29,29
496,29,62
496,29,74
496,29,59
496,29,61
496,29,58
496,29,60
497,99,64
497,99,7
497,99,8
498,100,101
499,1,72
499,1,50
499,1,53
500,96,71
500,96,107
501,101,100
502,68,68
502,68,53
502,68,52
503,81,81
503,81,21
503,81,24
503,81,25
503,81,23
503,81,20
504,30,78
505,87,29
505,87,62
505,87,74
505,87,59
505,87,61
505,87,58
505,87,60
506,77,30
506,77,31
506,77,32
506,77,33
506,77,34
506,77,35
506,77,36
506,77,37
506,77,38
506,77,39
506,77,40
506,77,41
506,77,42
506,77,43
506,77,44
506,77,45
506,77,46
506,77,47
506,77,48
506,77,49
506,77,18
506,77,19
506,77,20
506,77,21
506,77,22
506,77,23
506,77,24
506,77,25
506,77,26
506,77,2
506,77,50
506,77,51
506,77,52
506,77,53
506,77,5
506,77,6
506,77,13
506,77,11
506,77,9
506,77,10
506,77,8
506,77,7
506,77,54
506,77,55
506,77,12
506,77,56
506,77,16
506,77,57
506,77,17
506,77,58
506,77,59
506,77,60
506,77,61
506,77,62
507,85,81
507,85,21
507,85,24
507,85,25
507,85,23
507,85,20
508,100,101
509,78,30
510,89,27
510,89,16
511,64,100
511,64,10
511,64,7
511,64,54
511,64,5
511,64,12
511,64,9
511,64,11
512,0,1
512,0,53
513,0,72
513,0,53
514,87,29
514,87,62
514,87,74
514,87,59
514,87,61
514,87,58
514,87,60
515,101,100
516,0,1
516,0,53
517,100,101
518,90,64
519,97,97
519,97,31
519,97,38
519,97,41
520,80,29
520,80,62
520,80,74
520,80,59
520,80,61
520,80,58
520,80,60
521,27,27
521,27,16
522,103,100
522,103,10
522,103,7
522,103,54
522,103,5
522,103,12
522,103,9
522,103,11
523,81,30
523,81,31
523,81,32
523,81,33
523,81,34
523,81,35
523,81,36
523,81,37
523,81,38
523,81,39
523,81,40
523,81,41
523,81,42
523,81,43
523,81,44
523,81,45
523,81,46
523,81,47
523,81,48
523,81,49
523,81,18
523,81,19
523,81,20
523,81,21
523,81,22
523,81,23
523,81,24
523,81,25
523,81,26
523,81,2
523,81,50
523,81,51
523,81,52
523,81,53
523,81,5
523,81,6
523,81,13
523,81,11
523,81,9
523,81,10
523,81,8
523,81,7
523,81,54
523,81,55
523,81,12
523,81,56
523,81,16
523,81,57
523,81,17
523,81,58
523,81,59
523,81,60
523,81,61
523,81,62
524,30,29
524,30,62
524,30,74
524,30,59
524,30,61
524,30,58
524,30,60
525,99,100
525,99,10
525,99,7
525,99,54
525,99,5
525,99,12
525,99,9
525,99,11
526,71,71
526,71,45
527,105,30
527,105,31
527,105,32
527,105,33
527,105,34
527,105,35
527,105,36
527,105,37
527,105,38
527,105,39
527,105,40
527,105,41
527,105,42
527,105,43
527,105,44
527,105,45
527,105,46
527,105,47
527,105,48
527,105,49
527,105,18
527,105,19
527,105,20
527,105,21
527,105,22
527,105,23
527,105,24
527,105,25
527,105,26
527,105,2
527,105,50
527,105,51
527,105,52
527,105,53
527,105,5
527,105,6
527,105,13
527,105,11
527,105,9
527,105,10
527,105,8
527,105,7
527,105,54
527,105,55
527,105,12
527,105,56
527,105,16
527,105,57
527,105,17
527,105,58
527,105,59
527,105,60
527,105,61
527,105,62
528,29,29
528,29,62
528,29,74
528,29,59
528,29,61
528,29,58
528,29,60
529,64,90
530,73,71
530,73,107
531,0,1
531,0,53
532,104,29
532,104,62
532,104,74
532,104,59
532,104,61
532,104,58
532,104,60
533,80,29
533,80,62
533,80,74
533,80,59
533,80,61
533,80,58
533,80,60
534,90,64
535,0,1
535,0,53
536,27,27
536,27,16
537,1,1
537,1,53
538,83,29
538,83,62
538,83,74
538,83,59
538,83,61
538,83,58
538,83,60
539,65,64
539,65,7
539,65,8
540,92,29
540,92,62
540,92,74
540,92,59
540,92,61
540,92,58
540,92,60
541,72,72
541,72,53
542,1,1
542,1,53
543,3,64
543,3,7
543,3,8
544,101,81
544,101,21
544,101,24
544,101,25
544,101,23
544,101,20
545,0,72
545,0,50
545,0,53
546,72,72
546,72,53
547,73,71
547,73,107
548,29,29
548,29,62
548,29,74
548,29,59
548,29,61
548,29,58
548,29,60
549,1,72
549,1,50
549,1,53
550,1,72
550,1,50
550,1,53
551,73,71
551,73,107
552,0,72
552,0,50
552,0,53
553,0,72
553,0,50
553,0,53
554,99,84
555,99,30
556,29,30
556,29,31
556,29,32
556,29,33
556,29,34
556,29,35
556,29,36
556,29,37
556,29,38
556,29,39
556,29,40
556,29,41
556,29,42
556,29,43
556,29,44
556,29,45
556,29,46
556,29,47
556,29,48
556,29,49
556,29,18
556,29,19
556,29,20
556,29,21
556,29,22
556,29,23
556,29,24
556,29,25
556,29,26
556,29,2
556,29,50
556,29,51
556,29,52
556,29,53
556,29,5
556,29,6
556,29,13
556,29,11
556,29,9
556,29,10
556,29,8
556,29,7
556,29,54
556,29,55
556,29,12
556,29,56
556,29,16
556,29,57
556,29,17
556,29,58
556,29,59
556,29,60
556,29,61
556,29,62
557,68,68
557,68,50
558,97,66
558,97,36
558,97,31
559,104,29
559,104,62
559,104,74
559,104,59
559,104,61
559,104,58
559,104,60
560,68,68
560,68,50
561,92,93
562,14,15
562,14,16
562,14,17
562,14,18
562,14,19
562,14,20
562,14,21
562,14,22
562,14,23
562,14,24
562,14,25
562,14,26
563,95,102
563,95,41
563,95,39
563,95,38
563,95,32
563,95,43
563,95,42
563,95,34
563,95,40
563,95,33
563,95,36
563,95,37
564,72,68
564,72,50
565,108,72
566,63,71
566,63,45
566,63,107
566,63,48
567,71,106
568,68,68
568,68,50
569,106,71
570,68,68
570,68,50
571,1,68
571,1,50
572,14,15
572,14,16
572,14,17
572,14,18
572,14,19
572,14,20
572,14,21
572,14,22
572,14,23
572,14,24
572,14,25
572,14,26
573,83,29
573,83,62
573,83,74
573,83,59
573,83,61
573,83,58
573,83,60
574,68,68
574,68,50
575,101,84
575,101,19
575,101,24
575,101,56
575,101,21
575,101,16
576,72,108
577,87,30
577,87,31
577,87,32
577,87,33
577,87,34
577,87,35
577,87,36
577,87,37
577,87,38
577,87,39
577,87,40
577,87,41
577,87,42
577,87,43
577,87,44
577,87,45
577,87,46
577,87,47
577,87,48
577,87,49
577,87,18
577,87,19
577,87,20
577,87,21
577,87,22
577,87,23
577,87,24
577,87,25
577,87,26
577,87,2
577,87,50
577,87,51
577,87,52
577,87,53
577,87,5
577,87,6
577,87,13
577,87,11
577,87,9
577,87,10
577,87,8
577,87,7
577,87,54
577,87,55
577,87,12
577,87,56
577,87,16
577,87,57
577,87,17
577,87,58
577,87,59
577,87,60
577,87,61
577,87,62
578,71,106
579,95,30
579,95,31
579,95,32
579,95,33
579,95,34
579,95,35
579,95,36
579,95,37
579,95,38
579,95,39
579,95,40
579,95,41
579,95,42
579,95,43
579,95,44
579,95,45
579,95,46
579,95,47
579,95,48
579,95,49
579,95,18
579,95,19
579,95,20
579,95,21
579,95,22
579,95,23
579,95,24
579,95,25
579,95,26
579,95,2
579,95,50
579,95,51
579,95,52
579,95,53
579,95,5
579,95,6
579,95,13
579,95,11
579,95,9
579,95,10
579,95,8
579,95,7
579,95,54
579,95,55
579,95,12
579,95,56
579,95,16
579,95,57
579,95,17
579,95,58
579,95,59
579,95,60
579,95,61
579,95,62
580,93,92
581,88,81
581,88,17
581,88,20
581,88,25
581,88,56
581,88,24
581,88,26
581,88,18
581,88,22
582,30,29
582,30,62
582,30,74
582,30,59
582,30,61
582,30,58
582,30,60
583,87,29
583,87,62
583,87,74
583,87,59
583,87,61
583,87,58
583,87,60
584,92,93
585,93,92
586,66,66
586,66,36
586,66,31
587,86,76
588,15,30
588,15,31
588,15,32
588,15,33
588,15,34
588,15,35
588,15,36
588,15,37
588,15,38
588,15,39
588,15,40
588,15,41
588,15,42
588,15,43
588,15,44
588,15,45
588,15,46
588,15,47
588,15,48
588,15,49
588,15,18
588,15,19
588,15,20
588,15,21
588,15,22
588,15,23
588,15,24
588,15,25
588,15,26
588,15,2
588,15,50
588,15,51
588,15,52
588,15,53
588,15,5
588,15,6
588,15,13
588,15,11
588,15,9
588,15,10
588,15,8
588,15,7
588,15,54
588,15,55
588,15,12
588,15,56
588,15,16
588,15,57
588,15,17
588,15,58
588,15,59
588,15,60
588,15,61
588,15,62
589,98,93
589,98,33
589,98,32
589,98,31
589,98,40
589,98,42
589,98,41
589,98,37
589,98,43
589,98,38
590,108,72
591,71,71
591,71,45
591,71,107
591,71,48
592,102,90
592,102,34
593,79,63
593,79,48
593,79,45
593,79,107
594,29,30
594,29,31
594,29,32
594,29,33
594,29,34
594,29,35
594,29,36
594,29,37
594,29,38
594,29,39
594,29,40
594,29,41
594,29,42
594,29,43
594,29,44
594,29,45
594,29,46
594,29,47
594,29,48
594,29,49
594,29,18
594,29,19
594,29,20
594,29,21
594,29,22
594,29,23
594,29,24
594,29,25
594,29,26
594,29,2
594,29,50
594,29,51
594,29,52
594,29,53
594,29,5
594,29,6
594,29,13
594,29,11
594,29,9
594,29,10
594,29,8
594,29,7
594,29,54
594,29,55
594,29,12
594,29,56
594,29,16
594,29,57
594,29,17
594,29,58
594,29,59
594,29,60
594,29,61
594,29,62
595,101,80
596,77,66
596,77,36
596,77,31
597,66,102
597,66,41
597,66,39
597,66,38
597,66,32
597,66,43
597,66,42
597,66,34
597,66,40
597,66,33
597,66,36
597,66,37
598,96,71
598,96,45
598,96,107
598,96,48
599,90,75
599,90,38
599,90,37
599,90,33
599,90,43
599,90,32
599,90,35
599,90,40
599,90,41
599,90,39
599,90,36
599,90,42
600,81,28
600,81,26
600,81,25
600,81,24
600,81,56
600,81,23
600,81,21
600,81,22
601,77,66
601,77,36
601,77,31
602,104,29
602,104,62
602,104,74
602,104,59
602,104,61
602,104,58
602,104,60
603,89,78
603,89,56
603,89,16
603,89,22
603,89,20
603,89,24
603,89,21
603,89,23
603,89,19
604,73,71
604,73,45
604,73,107
604,73,48
605,94,89
605,94,56
606,96,71
606,96,45
606,96,107
606,96,48
607,14,15
607,14,16
607,14,17
607,14,18
607,14,19
607,14,20
607,14,21
607,14,22
607,14,23
607,14,24
607,14,25
607,14,26
608,15,27
608,15,23
608,15,56
608,15,20
609,66,66
609,66,36
609,66,31
610,68,68
610,68,50
611,86,108
611,86,11
611,86,5
611,86,55
611,86,13
611,86,8
611,86,9
611,86,7
612,98,102
612,98,41
612,98,39
612,98,38
612,98,32
612,98,43
612,98,42
612,98,34
612,98,40
612,98,33
612,98,36
612,98,37
613,104,29
613,104,62
613,104,74
613,104,59
613,104,61
613,104,58
613,104,60
614,87,29
614,87,62
614,87,74
614,87,59
614,87,61
614,87,58
614,87,60
615,73,63
615,73,48
615,73,45
615,73,107
616,92,30
616,92,31
616,92,32
616,92,33
616,92,34
616,92,35
616,92,36
616,92,37
616,92,38
616,92,39
616,92,40
616,92,41
616,92,42
616,92,43
616,92,44
616,92,45
616,92,46
616,92,47
616,92,48
616,92,49
616,92,18
616,92,19
616,92,20
616,92,21
616,92,22
616,92,23
616,92,24
616,92,25
616,92,26
616,92,2
616,92,50
616,92,51
616,92,52
616,92,53
616,92,5
616,92,6
616,92,13
616,92,11
616,92,9
616,92,10
616,92,8
616,92,7
616,92,54
616,92,55
616,92,12
616,92,56
616,92,16
616,92,57
616,92,17
616,92,58
616,92,59
616,92,60
616,92,61
616,92,62
617,80,29
617,80,62
617,80,74
617,80,59
617,80,61
617,80,58
617,80,60
618,99,30
619,84,78
619,84,26
619,84,21
619,84,20
619,84,24
619,84,22
619,84,25
620,0,0
620,0,2
620,0,50
621,93,30
621,93,31
621,93,32
621,93,33
621,93,34
621,93,35
621,93,36
621,93,37
621,93,38
621,93,39
621,93,40
621,93,41
621,93,42
621,93,43
621,93,44
621,93,45
621,93,46
621,93,47
621,93,48
621,93,49
621,93,18
621,93,19
621,93,20
621,93,21
621,93,22
621,93,23
621,93,24
621,93,25
621,93,26
621,93,2
621,93,50
621,93,51
621,93,52
621,93,53
621,93,5
621,93,6
621,93,13
621,93,11
621,93,9
621,93,10
621,93,8
621,93,7
621,93,54
621,93,55
621,93,12
621,93,56
621,93,16
621,93,57
621,93,17
621,93,58
621,93,59
621,93,60
621,93,61
621,93,62
622,76,86
623,80,101
624,101,101
624,101,19
624,101,24
624,101,20
624,101,22
624,101,18
624,101,25
625,101,80
626,27,78
626,27,26
626,27,21
626,27,20
626,27,24
626,27,22
626,27,25
627,93,93
627,93,33
627,93,32
627,93,31
627,93,40
627,93,42
627,93,41
627,93,37
627,93,43
627,93,38
628,88,78
628,88,26
628,88,21
628,88,20
628,88,24
628,88,22
628,88,25
629,90,90
629,90,34
630,90,90
630,90,34
631,92,100
631,92,13
631,92,11
631,92,10
631,92,54
632,86,30
632,86,31
632,86,32
632,86,33
632,86,34
632,86,35
632,86,36
632,86,37
632,86,38
632,86,39
632,86,40
632,86,41
632,86,42
632,86,43
632,86,44
632,86,45
632,86,46
632,86,47
632,86,48
632,86,49
632,86,18
632,86,19
632,86,20
632,86,21
632,86,22
632,86,23
632,86,24
632,86,25
632,86,26
632,86,2
632,86,50
632,86,51
632,86,52
632,86,53
632,86,5
632,86,6
632,86,13
632,86,11
632,86,9
632,86,10
632,86,8
632,86,7
632,86,54
632,86,55
632,86,12
632,86,56
632,86,16
632,86,57
632,86,17
632,86,58
632,86,59
632,86,60
632,86,61
632,86,62
633,89,27
633,89,26
634,101,78
634,101,26
634,101,21
634,101,20
634,101,24
634,101,22
634,101,25
635,80,101
636,27,15
636,27,17
637,84,78
637,84,26
637,84,21
637,84,20
637,84,24
637,84,22
637,84,25
638,77,93
638,77,33
638,77,32
638,77,31
638,77,40
638,77,42
638,77,41
638,77,37
638,77,43
638,77,38
639,83,29
639,83,62
639,83,74
639,83,59
639,83,61
639,83,58
639,83,60
640,83,29
640,83,62
640,83,74
640,83,59
640,83,61
640,83,58
640,83,60
641,80,29
641,80,62
641,80,74
641,80,59
641,80,61
641,80,58
641,80,60
642,93,75
642,93,38
642,93,37
642,93,33
642,93,43
642,93,32
642,93,35
642,93,40
642,93,41
642,93,39
642,93,36
642,93,42
643,73,63
643,73,48
643,73,45
643,73,107
644,77,93
644,77,33
644,77,32
644,77,31
644,77,40
644,77,42
644,77,41
644,77,37
644,77,43
644,77,38
645,29,29
645,29,62
645,29,74
645,29,59
645,29,61
645,29,58
645,29,60
646,75,90
646,75,34
647,82,27
647,82,23
647,82,56
647,82,20
648,27,82
648,27,20
649,83,29
649,83,62
649,83,74
649,83,59
649,83,61
649,83,58
649,83,60
650,29,29
650,29,62
650,29,74
650,29,59
650,29,61
650,29,58
650,29,60
651,76,93
651,76,33
651,76,32
651,76,31
651,76,40
651,76,42
651,76,41
651,76,37
651,76,43
651,76,38
652,27,27
652,27,23
652,27,56
652,27,20
653,27,101
653,27,19
653,27,24
653,27,20
653,27,22
653,27,18
653,27,25
654,94,78
654,94,26
654,94,21
654,94,20
654,94,24
654,94,22
654,94,25
655,101,28
655,101,56
655,101,16
655,101,24
655,101,26
655,101,21
655,101,20
655,101,25
656,90,90
656,90,34
657,70,100
657,70,13
657,70,11
657,70,10
657,70,54
658,29,29
658,29,62
658,29,74
658,29,59
658,29,61
658,29,58
658,29,60
659,100,100
659,100,13
659,100,11
659,100,10
659,100,54
660,68,0
660,68,2
660,68,50
661,99,100
661,99,13
661,99,11
661,99,10
661,99,54
662,1,0
662,1,2
662,1,50
663,0,0
663,0,2
663,0,50
664,81,101
664,81,19
664,81,24
664,81,20
664,81,22
664,81,18
664,81,25
665,68,0
665,68,2
665,68,50
666,0,0
666,0,2
666,0,50
667,65,108
667,65,11
667,65,5
667,65,55
667,65,13
667,65,8
667,65,9
667,65,7
668,1,0
668,1,2
668,1,50
669,100,100
669,100,13
669,100,11
669,100,10
669,100,54
670,70,103
670,70,7
670,70,11
671,99,30
672,72,68
672,72,50
672,72,52
672,72,53
673,29,30
673,29,31
673,29,32
673,29,33
673,29,34
673,29,35
673,29,36
673,29,37
673,29,38
673,29,39
673,29,40
673,29,41
673,29,42
673,29,43
673,29,44
673,29,45
673,29,46
673,29,47
673,29,48
673,29,49
673,29,18
673,29,19
673,29,20
673,29,21
673,29,22
673,29,23
673,29,24
673,29,25
673,29,26
673,29,2
673,29,50
673,29,51
673,29,52
673,29,53
673,29,5
673,29,6
673,29,13
673,29,11
673,29,9
673,29,10
673,29,8
673,29,7
673,29,54
673,29,55
673,29,12
673,29,56
673,29,16
673,29,57
673,29,17
673,29,58
673,29,59
673,29,60
673,29,61
673,29,62
674,68,0
674,68,50
675,65,103
675,65,7
675,65,11
676,68,68
676,68,50
676,68,52
676,68,53
677,0,0
677,0,50
678,65,103
678,65,7
678,65,11
679,77,80
680,1,68
680,1,50
680,1,52
680,1,53
681,72,68
681,72,50
681,72,52
681,72,53
682,1,68
682,1,50
682,1,52
682,1,53
683,103,103
683,103,7
683,103,11
684,1,0
684,1,50
685,0,68
685,0,50
685,0,52
685,0,53
686,1,0
686,1,50
687,1,68
687,1,50
687,1,52
687,1,53
688,72,68
688,72,50
688,72,52
688,72,53
689,1,68
689,1,50
689,1,52
689,1,53
690,92,30
690,92,31
690,92,32
690,92,33
690,92,34
690,92,35
690,92,36
690,92,37
690,92,38
690,92,39
690,92,40
690,92,41
690,92,42
690,92,43
690,92,44
690,92,45
690,92,46
690,92,47
690,92,48
690,92,49
690,92,18
690,92,19
690,92,20
690,92,21
690,92,22
690,92,23
690,92,24
690,92,25
690,92,26
690,92,2
690,92,50
690,92,51
690,92,52
690,92,53
690,92,5
690,92,6
690,92,13
690,92,11
690,92,9
690,92,10
690,92,8
690,92,7
690,92,54
690,92,55
690,92,12
690,92,56
690,92,16
690,92,57
690,92,17
690,92,58
690,92,59
690,92,60
690,92,61
690,92,62
691,1,68
691,1,50
691,1,52
691,1,53
692,99,103
692,99,7
692,99,11
693,14,15
693,14,16
693,14,17
693,14,18
693,14,19
693,14,20
693,14,21
693,14,22
693,14,23
693,14,24
693,14,25
693,14,26
694,70,30
694,70,31
694,70,32
694,70,33
694,70,34
694,70,35
694,70,36
694,70,37
694,70,38
694,70,39
694,70,40
694,70,41
694,70,42
694,70,43
694,70,44
694,70,45
694,70,46
694,70,47
694,70,48
694,70,49
694,70,18
694,70,19
694,70,20
694,70,21
694,70,22
694,70,23
694,70,24
694,70,25
694,70,26
694,70,2
694,70,50
694,70,51
694,70,52
694,70,53
694,70,5
694,70,6
694,70,13
694,70,11
694,70,9
694,70,10
694,70,8
694,70,7
694,70,54
694,70,55
694,70,12
694,70,56
694,70,16
694,70,57
694,70,17
694,70,58
694,70,59
694,70,60
694,70,61
694,70,62
695,100,64
696,104,29
696,104,62
696,104,74
696,104,59
696,104,61
696,104,58
696,104,60
697,80,29
697,80,62
697,80,74
697,80,59
697,80,61
697,80,58
697,80,60
698,101,82
698,101,21
698,101,19
699,1,68
699,1,50
699,1,52
699,1,53
700,0,68
700,0,50
700,0,52
700,0,53
701,68,30
701,68,31
701,68,32
701,68,33
701,68,34
701,68,35
701,68,36
701,68,37
701,68,38
701,68,39
701,68,40
701,68,41
701,68,42
701,68,43
701,68,44
701,68,45
701,68,46
701,68,47
701,68,48
701,68,49
701,68,18
701,68,19
701,68,20
701,68,21
701,68,22
701,68,23
701,68,24
701,68,25
701,68,26
701,68,2
701,68,50
701,68,51
701,68,52
701,68,53
701,68,5
701,68,6
701,68,13
701,68,11
701,68,9
701,68,10
701,68,8
701,68,7
701,68,54
701,68,55
701,68,12
701,68,56
701,68,16
701,68,57
701,68,17
701,68,58
701,68,59
701,68,60
701,68,61
701,68,62
702,0,68
702,0,50
702,0,52
702,0,53
703,0,68
703,0,50
703,0,52
703,0,53
704,79,73
704,79,48
705,1,68
705,1,50
705,1,52
705,1,53
706,30,29
706,30,62
706,30,74
706,30,59
706,30,61
706,30,58
706,30,60
707,63,79
707,63,47
708,14,15
708,14,16
708,14,17
708,14,18
708,14,19
708,14,20
708,14,21
708,14,22
708,14,23
708,14,24
708,14,25
708,14,26
709,72,68
709,72,50
709,72,52
709,72,53
710,72,68
710,72,50
710,72,52
710,72,53
711,72,68
711,72,50
711,72,52
711,72,53
712,80,77
713,0,68
713,0,50
713,0,52
713,0,53
714,72,68
714,72,50
714,72,52
714,72,53
715,79,96
715,79,47
715,79,48
715,79,44
716,82,30
716,82,31
716,82,32
716,82,33
716,82,34
716,82,35
716,82,36
716,82,37
716,82,38
716,82,39
716,82,40
716,82,41
716,82,42
716,82,43
716,82,44
716,82,45
716,82,46
716,82,47
716,82,48
716,82,49
716,82,18
716,82,19
716,82,20
716,82,21
716,82,22
716,82,23
716,82,24
716,82,25
716,82,26
716,82,2
716,82,50
716,82,51
716,82,52
716,82,53
716,82,5
716,82,6
716,82,13
716,82,11
716,82,9
716,82,10
716,82,8
716,82,7
716,82,54
716,82,55
716,82,12
716,82,56
716,82,16
716,82,57
716,82,17
716,82,58
716,82,59
716,82,60
716,82,61
716,82,62
717,91,90
717,91,32
717,91,34
718,63,79
718,63,47
719,1,68
719,1,50
719,1,52
719,1,53
720,72,68
720,72,50
720,72,52
720,72,53
721,78,94
721,78,20
721,78,56
721,78,25
722,63,79
722,63,47
723,68,68
723,68,50
723,68,52
723,68,53
724,68,68
724,68,50
724,68,52
724,68,53
725,68,68
725,68,50
725,68,52
725,68,53
726,76,90
726,76,32
726,76,34
727,100,108
728,77,80
729,0,68
729,0,50
729,0,52
729,0,53
730,80,77
731,83,29
731,83,62
731,83,74
731,83,59
731,83,61
731,83,58
731,83,60
732,90,90
732,90,32
732,90,34
733,69,100
733,69,13
733,69,11
733,69,10
733,69,54
733,69,61
734,77,97
735,0,68
735,0,53
735,0,50
736,27,89
736,27,20
736,27,17
736,27,26
736,27,19
736,27,21
736,27,56
737,72,68
737,72,50
737,72,52
737,72,53
738,0,68
738,0,50
738,0,52
738,0,53
739,108,100
740,100,108
741,29,29
741,29,62
741,29,74
741,29,59
741,29,61
741,29,58
741,29,60
742,84,78
742,84,56
742,84,16
743,75,90
743,75,32
743,75,34
744,96,96
744,96,47
744,96,48
744,96,44
745,75,90
745,75,32
745,75,34
746,79,96
746,79,47
746,79,48
746,79,44
747,85,88
747,85,20
747,85,18
748,68,68
748,68,50
748,68,52
748,68,53
749,29,29
749,29,62
749,29,74
749,29,59
749,29,61
749,29,58
749,29,60
750,108,100
751,29,29
751,29,62
751,29,74
751,29,59
751,29,61
751,29,58
751,29,60
752,88,85
752,88,18
753,72,68
753,72,50
753,72,52
753,72,53
754,101,84
754,101,18
754,101,26
754,101,25
754,101,16
754,101,19
754,101,17
755,100,108
756,68,68
756,68,52
757,15,88
757,15,20
757,15,23
757,15,16
757,15,18
757,15,22
758,73,73
758,73,48
759,101,94
759,101,16
759,101,56
760,97,75
760,97,36
761,79,79
761,79,47
762,79,96
762,79,47
762,79,48
762,79,44
763,108,100
764,92,29
764,92,62
764,92,74
764,92,59
764,92,61
764,92,58
764,92,60
765,85,94
765,85,20
765,85,56
765,85,25
766,99,30
767,94,27
767,94,16
767,94,18
767,94,21
767,94,19
768,28,85
768,28,24
768,28,20
768,28,19
768,28,26
768,28,23
768,28,21
768,28,56
768,28,16
769,85,81
769,85,20
769,85,24
769,85,26
769,85,56
769,85,17
769,85,23
769,85,16
769,85,25
770,29,30
770,29,31
770,29,32
770,29,33
770,29,34
770,29,35
770,29,36
770,29,37
770,29,38
770,29,39
770,29,40
770,29,41
770,29,42
770,29,43
770,29,44
770,29,45
770,29,46
770,29,47
770,29,48
770,29,49
770,29,18
770,29,19
770,29,20
770,29,21
770,29,22
770,29,23
770,29,24
770,29,25
770,29,26
770,29,2
770,29,50
770,29,51
770,29,52
770,29,53
770,29,5
770,29,6
770,29,13
770,29,11
770,29,9
770,29,10
770,29,8
770,29,7
770,29,54
770,29,55
770,29,12
770,29,56
770,29,16
770,29,57
770,29,17
770,29,58
770,29,59
770,29,60
770,29,61
770,29,62
771,104,29
771,104,62
771,104,74
771,104,59
771,104,61
771,104,58
771,104,60
772,83,29
772,83,62
772,83,74
772,83,59
772,83,61
772,83,58
772,83,60
773,83,29
773,83,62
773,83,74
773,83,59
773,83,61
773,83,58
773,83,60
774,92,100
774,92,13
774,92,11
774,92,10
774,92,54
774,92,61
775,71,96
775,71,47
775,71,48
775,71,44
776,89,84
776,89,18
776,89,26
776,89,25
776,89,16
776,89,19
776,89,17
777,86,100
777,86,13
777,86,11
777,86,10
777,86,54
777,86,61
778,94,94
778,94,20
778,94,56
778,94,25
779,85,84
779,85,18
779,85,26
779,85,25
779,85,16
779,85,19
779,85,17
780,70,100
780,70,13
780,70,11
780,70,10
780,70,54
780,70,61
781,104,29
781,104,62
781,104,74
781,104,59
781,104,61
781,104,58
781,104,60
782,104,29
782,104,62
782,104,74
782,104,59
782,104,61
782,104,58
782,104,60
783,1,68
783,1,53
783,1,50
784,84,94
784,84,20
784,84,56
784,84,25
785,104,29
785,104,62
785,104,74
785,104,59
785,104,61
785,104,58
785,104,60
786,100,100
786,100,13
786,100,11
786,100,10
786,100,54
786,100,61
787,68,68
787,68,53
787,68,50
788,73,73
788,73,48
789,78,84
789,78,18
789,78,26
789,78,25
789,78,16
789,78,19
789,78,17
790,68,68
790,68,53
790,68,50
791,15,94
791,15,20
791,15,56
791,15,25
792,86,100
792,86,13
792,86,11
792,86,10
792,86,54
792,86,61
793,84,88
793,84,20
793,84,18
794,94,94
794,94,20
794,94,56
794,94,25
795,84,88
795,84,20
795,84,18
796,68,68
796,68,53
796,68,50
797,1,68
797,1,53
797,1,50
798,108,100
798,108,13
798,108,11
798,108,10
798,108,54
798,108,61
799,1,68
799,1,53
799,1,50
800,100,100
800,100,13
800,100,11
800,100,10
800,100,54
800,100,61
801,72,68
801,72,52
802,72,68
802,72,52
803,72,68
803,72,52
804,97,75
804,97,36
805,75,75
805,75,36
806,86,30
806,86,31
806,86,32
806,86,33
806,86,34
806,86,35
806,86,36
806,86,37
806,86,38
806,86,39
806,86,40
806,86,41
806,86,42
806,86,43
806,86,44
806,86,45
806,86,46
806,86,47
806,86,48
806,86,49
806,86,18
806,86,19
806,86,20
806,86,21
806,86,22
806,86,23
806,86,24
806,86,25
806,86,26
806,86,2
806,86,50
806,86,51
806,86,52
806,86,53
806,86,5
806,86,6
806,86,13
806,86,11
806,86,9
806,86,10
806,86,8
806,86,7
806,86,54
806,86,55
806,86,12
806,86,56
806,86,16
806,86,57
806,86,17
806,86,58
806,86,59
806,86,60
806,86,61
806,86,62
807,28,30
807,28,31
807,28,32
807,28,33
807,28,34
807,28,35
807,28,36
807,28,37
807,28,38
807,28,39
807,28,40
807,28,41
807,28,42
807,28,43
807,28,44
807,28,45
807,28,46
807,28,47
807,28,48
807,28,49
807,28,18
807,28,19
807,28,20
807,28,21
807,28,22
807,28,23
807,28,24
807,28,25
807,28,26
807,28,2
807,28,50
807,28,51
807,28,52
807,28,53
807,28,5
807,28,6
807,28,13
807,28,11
807,28,9
807,28,10
807,28,8
807,28,7
807,28,54
807,28,55
807,28,12
807,28,56
807,28,16
807,28,57
807,28,17
807,28,58
807,28,59
807,28,60
807,28,61
807,28,62
808,78,88
808,78,20
808,78,18
809,85,30
809,85,31
809,85,32
809,85,33
809,85,34
809,85,35
809,85,36
809,85,37
809,85,38
809,85,39
809,85,40
809,85,41
809,85,42
809,85,43
809,85,44
809,85,45
809,85,46
809,85,47
809,85,48
809,85,49
809,85,18
809,85,19
809,85,20
809,85,21
809,85,22
809,85,23
809,85,24
809,85,25
809,85,26
809,85,2
809,85,50
809,85,51
809,85,52
809,85,53
809,85,5
809,85,6
809,85,13
809,85,11
809,85,9
809,85,10
809,85,8
809,85,7
809,85,54
809,85,55
809,85,12
809,85,56
809,85,16
809,85,57
809,85,17
809,85,58
809,85,59
809,85,60
809,85,61
809,85,62
810,71,30
810,71,31
810,71,32
810,71,33
810,71,34
810,71,35
810,71,36
810,71,37
810,71,38
810,71,39
810,71,40
810,71,41
810,71,42
810,71,43
810,71,44
810,71,45
810,71,46
810,71,47
810,71,48
810,71,49
810,71,18
810,71,19
810,71,20
810,71,21
810,71,22
810,71,23
810,71,24
810,71,25
810,71,26
810,71,2
810,71,50
810,71,51
810,71,52
810,71,53
810,71,5
810,71,6
810,71,13
810,71,11
810,71,9
810,71,10
810,71,8
810,71,7
810,71,54
810,71,55
810,71,12
810,71,56
810,71,16
810,71,57
810,71,17
810,71,58
810,71,59
810,71,60
810,71,61
810,71,62
811,1,68
811,1,52
812,81,78
812,81,56
812,81,26
812,81,20
812,81,17
812,81,49
812,81,21
812,81,22
813,63,85
814,91,103
815,85,63
816,63,85
817,14,15
817,14,16
817,14,17
817,14,18
817,14,19
817,14,20
817,14,21
817,14,22
817,14,23
817,14,24
817,14,25
817,14,26
818,27,64
819,78,94
820,72,72
820,72,53
821,95,15
822,92,30
822,92,31
822,92,32
822,92,33
822,92,34
822,92,35
822,92,36
822,92,37
822,92,38
822,92,39
822,92,40
822,92,41
822,92,42
822,92,43
822,92,44
822,92,45
822,92,46
822,92,47
822,92,48
822,92,49
822,92,18
822,92,19
822,92,20
822,92,21
822,92,22
822,92,23
822,92,24
822,92,25
822,92,26
822,92,2
822,92,50
822,92,51
822,92,52
822,92,53
822,92,5
822,92,6
822,92,13
822,92,11
822,92,9
822,92,10
822,92,8
822,92,7
822,92,54
822,92,55
822,92,12
822,92,56
822,92,16
822,92,57
822,92,17
822,92,58
822,92,59
822,92,60
822,92,61
822,92,62
823,94,88
823,94,19
823,94,18
823,94,23
823,94,20
823,94,22
823,94,25
824,68,69
825,85,63
826,102,95
826,102,43
826,102,42
826,102,34
826,102,33
826,102,37
826,102,41
827,28,84
827,28,26
827,28,24
828,94,82
828,94,20
828,94,19
828,94,22
829,69,84
830,94,78
831,72,68
831,72,52
832,70,99
832,70,12
832,70,9
833,84,69
834,103,91
835,29,30
835,29,31
835,29,32
835,29,33
835,29,34
835,29,35
835,29,36
835,29,37
835,29,38
835,29,39
835,29,40
835,29,41
835,29,42
835,29,43
835,29,44
835,29,45
835,29,46
835,29,47
835,29,48
835,29,49
835,29,18
835,29,19
835,29,20
835,29,21
835,29,22
835,29,23
835,29,24
835,29,25
835,29,26
835,29,2
835,29,50
835,29,51
835,29,52
835,29,53
835,29,5
835,29,6
835,29,13
835,29,11
835,29,9
835,29,10
835,29,8
835,29,7
835,29,54
835,29,55
835,29,12
835,29,56
835,29,16
835,29,57
835,29,17
835,29,58
835,29,59
835,29,60
835,29,61
835,29,62
836,69,68
837,75,72
838,78,94
839,94,78
840,0,1
840,0,52
841,94,27
841,94,18
841,94,24
841,94,23
841,94,56
842,78,94
843,29,30
843,29,31
843,29,32
843,29,33
843,29,34
843,29,35
843,29,36
843,29,37
843,29,38
843,29,39
843,29,40
843,29,41
843,29,42
843,29,43
843,29,44
843,29,45
843,29,46
843,29,47
843,29,48
843,29,49
843,29,18
843,29,19
843,29,20
843,29,21
843,29,22
843,29,23
843,29,24
843,29,25
843,29,26
843,29,2
843,29,50
843,29,51
843,29,52
843,29,53
843,29,5
843,29,6
843,29,13
843,29,11
843,29,9
843,29,10
843,29,8
843,29,7
843,29,54
843,29,55
843,29,12
843,29,56
843,29,16
843,29,57
843,29,17
843,29,58
843,29,59
843,29,60
843,29,61
843,29,62
844,69,84
845,101,27
845,101,19
845,101,18
845,101,23
845,101,17
845,101,56
845,101,16
845,101,20
845,101,24
846,80,29
846,80,62
846,80,74
846,80,59
846,80,61
846,80,58
846,80,60
847,64,64
848,67,95
848,67,43
848,67,42
848,67,34
848,67,33
848,67,37
848,67,41
849,94,78
850,98,95
850,98,43
850,98,42
850,98,34
850,98,33
850,98,37
850,98,41
851,83,29
851,83,62
851,83,74
851,83,59
851,83,61
851,83,58
851,83,60
852,72,68
852,72,52
853,84,84
854,67,1
855,15,95
856,0,72
856,0,53
857,14,15
857,14,16
857,14,17
857,14,18
857,14,19
857,14,20
857,14,21
857,14,22
857,14,23
857,14,24
857,14,25
857,14,26
858,72,72
858,72,53
859,73,79
859,73,107
859,73,45
859,73,47
860,95,15
861,64,64
862,94,28
862,94,22
862,94,26
862,94,24
863,72,72
863,72,53
864,28,78
864,28,56
864,28,26
864,28,20
864,28,17
864,28,49
864,28,21
864,28,22
865,15,95
866,72,75
867,102,90
867,102,34
867,102,36
867,102,39
867,102,43
867,102,33
868,64,64
869,99,30
870,101,82
870,101,20
870,101,26
870,101,18
870,101,25
870,101,21
870,101,19
871,75,72
872,29,30
872,29,31
872,29,32
872,29,33
872,29,34
872,29,35
872,29,36
872,29,37
872,29,38
872,29,39
872,29,40
872,29,41
872,29,42
872,29,43
872,29,44
872,29,45
872,29,46
872,29,47
872,29,48
872,29,49
872,29,18
872,29,19
872,29,20
872,29,21
872,29,22
872,29,23
872,29,24
872,29,25
872,29,26
872,29,2
872,29,50
872,29,51
872,29,52
872,29,53
872,29,5
872,29,6
872,29,13
872,29,11
872,29,9
872,29,10
872,29,8
872,29,7
872,29,54
872,29,55
872,29,12
872,29,56
872,29,16
872,29,57
872,29,17
872,29,58
872,29,59
872,29,60
872,29,61
872,29,62
873,71,30
873,71,31
873,71,32
873,71,33
873,71,34
873,71,35
873,71,36
873,71,37
873,71,38
873,71,39
873,71,40
873,71,41
873,71,42
873,71,43
873,71,44
873,71,45
873,71,46
873,71,47
873,71,48
873,71,49
873,71,18
873,71,19
873,71,20
873,71,21
873,71,22
873,71,23
873,71,24
873,71,25
873,71,26
873,71,2
873,71,50
873,71,51
873,71,52
873,71,53
873,71,5
873,71,6
873,71,13
873,71,11
873,71,9
873,71,10
873,71,8
873,71,7
873,71,54
873,71,55
873,71,12
873,71,56
873,71,16
873,71,57
873,71,17
873,71,58
873,71,59
873,71,60
873,71,61
873,71,62
874,0,72
874,0,53
875,82,88
875,82,19
875,82,18
875,82,23
875,82,20
875,82,22
875,82,25
876,94,78
876,94,56
876,94,26
876,94,20
876,94,17
876,94,49
876,94,21
876,94,22
877,91,95
877,91,43
877,91,42
877,91,34
877,91,33
877,91,37
877,91,41
878,1,67
879,0,72
879,0,53
880,67,1
881,72,75
882,14,78
882,14,56
882,14,26
882,14,20
882,14,17
882,14,49
882,14,21
882,14,22
883,1,67
884,75,72
885,108,30
885,108,31
885,108,32
885,108,33
885,108,34
885,108,35
885,108,36
885,108,37
885,108,38
885,108,39
885,108,40
885,108,41
885,108,42
885,108,43
885,108,44
885,108,45
885,108,46
885,108,47
885,108,48
885,108,49
885,108,18
885,108,19
885,108,20
885,108,21
885,108,22
885,108,23
885,108,24
885,108,25
885,108,26
885,108,2
885,108,50
885,108,51
885,108,52
885,108,53
885,108,5
885,108,6
885,108,13
885,108,11
885,108,9
885,108,10
885,108,8
885,108,7
885,108,54
885,108,55
885,108,12
885,108,56
885,108,16
885,108,57
885,108,17
885,108,58
885,108,59
885,108,60
885,108,61
885,108,62
886,96,92
887,91,95
887,91,43
887,91,42
887,91,34
887,91,33
887,91,37
887,91,41
888,66,90
888,66,34
888,66,36
888,66,39
888,66,43
888,66,33
889,78,88
889,78,19
889,78,18
889,78,23
889,78,20
889,78,22
889,78,25
890,106,95
890,106,43
890,106,42
890,106,34
890,106,33
890,106,37
890,106,41
891,1,1
891,1,52
892,101,101
892,101,17
893,0,72
893,0,53
894,84,30
894,84,31
894,84,32
894,84,33
894,84,34
894,84,35
894,84,36
894,84,37
894,84,38
894,84,39
894,84,40
894,84,41
894,84,42
894,84,43
894,84,44
894,84,45
894,84,46
894,84,47
894,84,48
894,84,49
894,84,18
894,84,19
894,84,20
894,84,21
894,84,22
894,84,23
894,84,24
894,84,25
894,84,26
894,84,2
894,84,50
894,84,51
894,84,52
894,84,53
894,84,5
894,84,6
894,84,13
894,84,11
894,84,9
894,84,10
894,84,8
894,84,7
894,84,54
894,84,55
894,84,12
894,84,56
894,84,16
894,84,57
894,84,17
894,84,58
894,84,59
894,84,60
894,84,61
894,84,62
895,67,1
896,75,30
896,75,31
896,75,32
896,75,33
896,75,34
896,75,35
896,75,36
896,75,37
896,75,38
896,75,39
896,75,40
896,75,41
896,75,42
896,75,43
896,75,44
896,75,45
896,75,46
896,75,47
896,75,48
896,75,49
896,75,18
896,75,19
896,75,20
896,75,21
896,75,22
896,75,23
896,75,24
896,75,25
896,75,26
896,75,2
896,75,50
896,75,51
896,75,52
896,75,53
896,75,5
896,75,6
896,75,13
896,75,11
896,75,9
896,75,10
896,75,8
896,75,7
896,75,54
896,75,55
896,75,12
896,75,56
896,75,16
896,75,57
896,75,17
896,75,58
896,75,59
896,75,60
896,75,61
896,75,62
897,84,88
897,84,19
897,84,18
897,84,23
897,84,20
897,84,22
897,84,25
898,29,29
898,29,62
898,29,74
898,29,59
898,29,61
898,29,58
898,29,60
899,85,88
899,85,19
899,85,18
899,85,23
899,85,20
899,85,22
899,85,25
900,104,29
900,104,62
900,104,74
900,104,59
900,104,61
900,104,58
900,104,60
901,88,28
901,88,22
901,88,26
901,88,24
902,100,30
902,100,31
902,100,32
902,100,33
902,100,34
902,100,35
902,100,36
902,100,37
902,100,38
902,100,39
902,100,40
902,100,41
902,100,42
902,100,43
902,100,44
902,100,45
902,100,46
902,100,47
902,100,48
902,100,49
902,100,18
902,100,19
902,100,20
902,100,21
902,100,22
902,100,23
902,100,24
902,100,25
902,100,26
902,100,2
902,100,50
902,100,51
902,100,52
902,100,53
902,100,5
902,100,6
902,100,13
902,100,11
902,100,9
902,100,10
902,100,8
902,100,7
902,100,54
902,100,55
902,100,12
902,100,56
902,100,16
902,100,57
902,100,17
902,100,58
902,100,59
902,100,60
902,100,61
902,100,62
903,94,28
903,94,22
903,94,26
903,94,24
904,88,82
904,88,20
904,88,18
904,88,21
905,80,30
905,80,31
905,80,32
905,80,33
905,80,34
905,80,35
905,80,36
905,80,37
905,80,38
905,80,39
905,80,40
905,80,41
905,80,42
905,80,43
905,80,44
905,80,45
905,80,46
905,80,47
905,80,48
905,80,49
905,80,18
905,80,19
905,80,20
905,80,21
905,80,22
905,80,23
905,80,24
905,80,25
905,80,26
905,80,2
905,80,50
905,80,51
905,80,52
905,80,53
905,80,5
905,80,6
905,80,13
905,80,11
905,80,9
905,80,10
905,80,8
905,80,7
905,80,54
905,80,55
905,80,12
905,80,56
905,80,16
905,80,57
905,80,17
905,80,58
905,80,59
905,80,60
905,80,61
905,80,62
906,100,30
906,100,31
906,100,32
906,100,33
906,100,34
906,100,35
906,100,36
906,100,37
906,100,38
906,100,39
906,100,40
906,100,41
906,100,42
906,100,43
906,100,44
906,100,45
906,100,46
906,100,47
906,100,48
906,100,49
906,100,18
906,100,19
906,100,20
906,100,21
906,100,22
906,100,23
906,100,24
906,100,25
906,100,26
906,100,2
906,100,50
906,100,51
906,100,52
906,100,53
906,100,5
906,100,6
906,100,13
906,100,11
906,100,9
906,100,10
906,100,8
906,100,7
906,100,54
906,100,55
906,100,12
906,100,56
906,100,16
906,100,57
906,100,17
906,100,58
906,100,59
906,100,60
906,100,61
906,100,62
907,96,79
907,96,107
907,96,45
907,96,47
908,89,30
908,89,31
908,89,32
908,89,33
908,89,34
908,89,35
908,89,36
908,89,37
908,89,38
908,89,39
908,89,40
908,89,41
908,89,42
908,89,43
908,89,44
908,89,45
908,89,46
908,89,47
908,89,48
908,89,49
908,89,18
908,89,19
908,89,20
908,89,21
908,89,22
908,89,23
908,89,24
908,89,25
908,89,26
908,89,2
908,89,50
908,89,51
908,89,52
908,89,53
908,89,5
908,89,6
908,89,13
908,89,11
908,89,9
908,89,10
908,89,8
908,89,7
908,89,54
908,89,55
908,89,12
908,89,56
908,89,16
908,89,57
908,89,17
908,89,58
908,89,59
908,89,60
908,89,61
908,89,62
909,79,79
909,79,107
909,79,45
909,79,47
910,1,1
910,1,52
911,92,96
912,71,30
912,71,31
912,71,32
912,71,33
912,71,34
912,71,35
912,71,36
912,71,37
912,71,38
912,71,39
912,71,40
912,71,41
912,71,42
912,71,43
912,71,44
912,71,45
912,71,46
912,71,47
912,71,48
912,71,49
912,71,18
912,71,19
912,71,20
912,71,21
912,71,22
912,71,23
912,71,24
912,71,25
912,71,26
912,71,2
912,71,50
912,71,51
912,71,52
912,71,53
912,71,5
912,71,6
912,71,13
912,71,11
912,71,9
912,71,10
912,71,8
912,71,7
912,71,54
912,71,55
912,71,12
912,71,56
912,71,16
912,71,57
912,71,17
912,71,58
912,71,59
912,71,60
912,71,61
912,71,62
913,96,79
913,96,107
913,96,45
913,96,47
914,91,30
914,91,31
914,91,32
914,91,33
914,91,34
914,91,35
914,91,36
914,91,37
914,91,38
914,91,39
914,91,40
914,91,41
914,91,42
914,91,43
914,91,44
914,91,45
914,91,46
914,91,47
914,91,48
914,91,49
914,91,18
914,91,19
914,91,20
914,91,21
914,91,22
914,91,23
914,91,24
914,91,25
914,91,26
914,91,2
914,91,50
914,91,51
914,91,52
914,91,53
914,91,5
914,91,6
914,91,13
914,91,11
914,91,9
914,91,10
914,91,8
914,91,7
914,91,54
914,91,55
914,91,12
914,91,56
914,91,16
914,91,57
914,91,17
914,91,58
914,91,59
914,91,60
914,91,61
914,91,62
915,79,79
915,79,107
915,79,45
915,79,47
916,66,90
916,66,34
916,66,36
916,66,39
916,66,43
916,66,33
917,73,79
917,73,107
917,73,45
917,73,47
918,84,82
918,84,20
918,84,26
918,84,18
918,84,25
918,84,21
918,84,19
919,29,30
919,29,31
919,29,32
919,29,33
919,29,34
919,29,35
919,29,36
919,29,37
919,29,38
919,29,39
919,29,40
919,29,41
919,29,42
919,29,43
919,29,44
919,29,45
919,29,46
919,29,47
919,29,48
919,29,49
919,29,18
919,29,19
919,29,20
919,29,21
919,29,22
919,29,23
919,29,24
919,29,25
919,29,26
919,29,2
919,29,50
919,29,51
919,29,52
919,29,53
919,29,5
919,29,6
919,29,13
919,29,11
919,29,9
919,29,10
919,29,8
919,29,7
919,29,54
919,29,55
919,29,12
919,29,56
919,29,16
919,29,57
919,29,17
919,29,58
919,29,59
919,29,60
919,29,61
919,29,62
920,63,102
921,83,89
922,80,29
922,80,62
922,80,74
922,80,59
922,80,61
922,80,58
922,80,60
923,67,98
923,67,31
923,67,35
924,73,79
924,73,107
924,73,45
925,98,98
925,98,31
925,98,35
926,105,86
926,105,11
927,92,30
927,92,31
927,92,32
927,92,33
927,92,34
927,92,35
927,92,36
927,92,37
927,92,38
927,92,39
927,92,40
927,92,41
927,92,42
927,92,43
927,92,44
927,92,45
927,92,46
927,92,47
927,92,48
927,92,49
927,92,18
927,92,19
927,92,20
927,92,21
927,92,22
927,92,23
927,92,24
927,92,25
927,92,26
927,92,2
927,92,50
927,92,51
927,92,52
927,92,53
927,92,5
927,92,6
927,92,13
927,92,11
927,92,9
927,92,10
927,92,8
927,92,7
927,92,54
927,92,55
927,92,12
927,92,56
927,92,16
927,92,57
927,92,17
927,92,58
927,92,59
927,92,60
927,92,61
927,92,62
928,89,83
929,29,30
929,29,31
929,29,32
929,29,33
929,29,34
929,29,35
929,29,36
929,29,37
929,29,38
929,29,39
929,29,40
929,29,41
929,29,42
929,29,43
929,29,44
929,29,45
929,29,46
929,29,47
929,29,48
929,29,49
929,29,18
929,29,19
929,29,20
929,29,21
929,29,22
929,29,23
929,29,24
929,29,25
929,29,26
929,29,2
929,29,50
929,29,51
929,29,52
929,29,53
929,29,5
929,29,6
929,29,13
929,29,11
929,29,9
929,29,10
929,29,8
929,29,7
929,29,54
929,29,55
929,29,12
929,29,56
929,29,16
929,29,57
929,29,17
929,29,58
929,29,59
929,29,60
929,29,61
929,29,62
930,102,98
930,102,31
930,102,35
931,98,98
931,98,31
931,98,35
932,102,63
933,97,106
934,78,27
934,78,56
934,78,23
934,78,26
934,78,25
934,78,49
934,78,24
934,78,20
934,78,17
934,78,21
934,78,19
934,78,18
935,88,78
935,88,26
935,88,24
935,88,19
936,63,102
937,102,98
937,102,31
937,102,35
938,30,29
938,30,62
938,30,74
938,30,59
938,30,61
938,30,58
938,30,60
939,102,63
940,83,89
941,94,94
941,94,23
942,102,98
942,102,31
942,102,35
943,93,30
943,93,31
943,93,32
943,93,33
943,93,34
943,93,35
943,93,36
943,93,37
943,93,38
943,93,39
943,93,40
943,93,41
943,93,42
943,93,43
943,93,44
943,93,45
943,93,46
943,93,47
943,93,48
943,93,49
943,93,18
943,93,19
943,93,20
943,93,21
943,93,22
943,93,23
943,93,24
943,93,25
943,93,26
943,93,2
943,93,50
943,93,51
943,93,52
943,93,53
943,93,5
943,93,6
943,93,13
943,93,11
943,93,9
943,93,10
943,93,8
943,93,7
943,93,54
943,93,55
943,93,12
943,93,56
943,93,16
943,93,57
943,93,17
943,93,58
943,93,59
943,93,60
943,93,61
943,93,62
944,89,83
945,63,102
946,102,98
946,102,31
946,102,35
947,83,89
948,27,94
948,27,23
948,27,21
948,27,18
949,102,63
950,87,29
950,87,62
950,87,74
950,87,59
950,87,61
950,87,58
950,87,60
951,96,79
951,96,107
951,96,45
952,79,79
952,79,107
952,79,45
953,106,97
954,94,85
954,94,26
954,94,23
954,94,17
954,94,56
955,72,68
955,72,50
955,72,52
956,99,86
956,99,11
957,101,27
957,101,56
957,101,23
957,101,26
957,101,25
957,101,49
957,101,24
957,101,20
957,101,17
957,101,21
957,101,19
957,101,18
958,99,86
958,99,11
959,79,30
959,79,31
959,79,32
959,79,33
959,79,34
959,79,35
959,79,36
959,79,37
959,79,38
959,79,39
959,79,40
959,79,41
959,79,42
959,79,43
959,79,44
959,79,45
959,79,46
959,79,47
959,79,48
959,79,49
959,79,18
959,79,19
959,79,20
959,79,21
959,79,22
959,79,23
959,79,24
959,79,25
959,79,26
959,79,2
959,79,50
959,79,51
959,79,52
959,79,53
959,79,5
959,79,6
959,79,13
959,79,11
959,79,9
959,79,10
959,79,8
959,79,7
959,79,54
959,79,55
959,79,12
959,79,56
959,79,16
959,79,57
959,79,17
959,79,58
959,79,59
959,79,60
959,79,61
959,79,62
960,76,98
960,76,33
960,76,37
960,76,35
960,76,32
960,76,40
960,76,31
960,76,38
960,76,34
960,76,41
960,76,39
960,76,43
961,97,106
962,86,86
962,86,11
963,1,1
963,1,2
963,1,53
964,106,97
965,30,29
965,30,62
965,30,74
965,30,59
965,30,61
965,30,58
965,30,60
966,97,106
967,106,97
968,14,15
968,14,16
968,14,17
968,14,18
968,14,19
968,14,20
968,14,21
968,14,22
968,14,23
968,14,24
968,14,25
968,14,26
969,68,72
969,68,2
970,101,27
970,101,56
970,101,23
970,101,26
970,101,25
970,101,49
970,101,24
970,101,20
970,101,17
970,101,21
970,101,19
970,101,18
971,14,27
971,14,56
971,14,23
971,14,26
971,14,25
971,14,49
971,14,24
971,14,20
971,14,17
971,14,21
971,14,19
971,14,18
972,1,72
972,1,50
973,73,79
973,73,107
973,73,45
974,105,4
974,105,7
974,105,12
974,105,5
974,105,11
974,105,6
974,105,13
974,105,8
974,105,10
974,105,54
975,71,96
975,71,44
975,71,107
976,73,79
976,73,107
976,73,45
977,83,29
977,83,62
977,83,74
977,83,59
977,83,61
977,83,58
977,83,60
978,86,86
978,86,11
979,94,94
979,94,23
980,76,102
980,76,43
980,76,31
980,76,40
980,76,37
980,76,39
980,76,41
980,76,34
980,76,42
980,76,36
980,76,38
981,14,15
981,14,16
981,14,17
981,14,18
981,14,19
981,14,20
981,14,21
981,14,22
981,14,23
981,14,24
981,14,25
981,14,26
982,67,77
982,67,39
983,66,98
983,66,33
983,66,37
983,66,35
983,66,32
983,66,40
983,66,31
983,66,38
983,66,34
983,66,41
983,66,39
983,66,43
984,14,15
984,14,16
984,14,17
984,14,18
984,14,19
984,14,20
984,14,21
984,14,22
984,14,23
984,14,24
984,14,25
984,14,26
985,94,94
985,94,23
986,78,78
986,78,26
986,78,24
986,78,19
987,30,29
987,30,62
987,30,74
987,30,59
987,30,61
987,30,58
987,30,60
988,72,68
988,72,50
988,72,52
989,91,91
989,91,35
989,91,31
989,91,36
989,91,34
989,91,32
990,3,3
990,3,10
990,3,6
990,3,55
990,3,12
990,3,13
990,3,54
990,3,11
990,3,7
991,1,68
991,1,50
991,1,52
992,68,0
992,68,52
993,68,68
993,68,50
993,68,52
994,82,94
994,82,23
995,72,68
995,72,50
995,72,52
996,1,68
996,1,50
996,1,52
997,104,29
997,104,62
997,104,74
997,104,59
997,104,61
997,104,58
997,104,60
998,28,85
998,28,26
998,28,23
998,28,17
998,28,56
999,94,94
999,94,23
1000,94,94
1000,94,23
1001,94,94
1001,94,23
1001,94,21
1001,94,18
1002,72,0
1002,72,52
1003,93,77
1003,93,39
1004,85,85
1004,85,26
1004,85,23
1004,85,17
1004,85,56
1005,101,78
1005,101,20
1005,101,26
1005,101,22
1005,101,24
1005,101,19
1005,101,25
1005,101,17
1005,101,21
1005,101,56
1005,101,16
1006,1,1
1006,1,2
1006,1,53
1007,82,85
1007,82,26
1007,82,23
1007,82,17
1007,82,56
1008,72,0
1008,72,52
1009,98,102
1009,98,43
1009,98,31
1009,98,40
1009,98,37
1009,98,39
1009,98,41
1009,98,34
1009,98,42
1009,98,36
1009,98,38
1010,0,0
1010,0,52
1011,68,1
1011,68,2
1011,68,53
1012,75,102
1012,75,43
1012,75,31
1012,75,40
1012,75,37
1012,75,39
1012,75,41
1012,75,34
1012,75,42
1012,75,36
1012,75,38
1013,102,102
1013,102,43
1013,102,31
1013,102,40
1013,102,37
1013,102,39
1013,102,41
1013,102,34
1013,102,42
1013,102,36
1013,102,38
1014,68,72
1014,68,2
1015,78,85
1015,78,18
1015,78,23
1015,78,22
1015,78,17
1015,78,26
1015,78,16
1015,78,20
1015,78,19
1015,78,24
1015,78,56
1016,102,91
1016,102,35
1016,102,31
1016,102,36
1016,102,34
1016,102,32
1017,106,102
1017,106,43
1017,106,31
1017,106,40
1017,106,37
1017,106,39
1017,106,41
1017,106,34
1017,106,42
1017,106,36
1017,106,38
1018,100,3
1018,100,10
1018,100,6
1018,100,55
1018,100,12
1018,100,13
1018,100,54
1018,100,11
1018,100,7
1019,71,96
1019,71,44
1019,71,107
1020,102,91
1020,102,35
1020,102,31
1020,102,36
1020,102,34
1020,102,32
1021,1,1
1021,1,2
1021,1,53
1022,15,89
1022,15,18
1022,15,21
1022,15,23
1022,15,56
1022,15,25
1022,15,19
1022,15,17
1022,15,26
1022,15,20
1022,15,22
1023,97,102
1023,97,43
1023,97,31
1023,97,40
1023,97,37
1023,97,39
1023,97,41
1023,97,34
1023,97,42
1023,97,36
1023,97,38
1024,101,101
1024,101,22
1024,101,17
1024,101,20
1024,101,18
1024,101,26
1024,101,23
1025,66,102
1025,66,43
1025,66,31
1025,66,40
1025,66,37
1025,66,39
1025,66,41
1025,66,34
1025,66,42
1025,66,36
1025,66,38
1026,72,72
1026,72,50
1027,89,85
1027,89,18
1027,89,19
1027,89,17
1027,89,20
1027,89,16
1027,89,21
1027,89,23
1027,89,22
1027,89,24
1028,98,102
1028,98,43
1028,98,31
1028,98,40
1028,98,37
1028,98,39
1028,98,41
1028,98,34
1028,98,42
1028,98,36
1028,98,38
1029,82,78
1029,82,20
1029,82,19
1029,82,17
1029,82,24
1029,82,22
1029,82,21
1029,82,26
1029,82,23
1029,82,16
1029,82,25
1030,89,78
1030,89,21
1030,89,56
1030,89,22
1030,89,25
1031,65,3
1031,65,10
1031,65,6
1031,65,55
1031,65,12
1031,65,13
1031,65,54
1031,65,11
1031,65,7
1032,71,96
1032,71,44
1032,71,107
1033,106,100
1034,80,87
1035,79,73
1035,79,45
1035,79,44
1036,101,81
1036,101,18
1036,101,26
1036,101,21
1036,101,22
1037,81,101
1037,81,19
1037,81,23
1037,81,26
1038,92,29
1038,92,62
1038,92,74
1038,92,59
1038,92,61
1038,92,58
1038,92,60
1039,81,4
1040,1,1
1040,1,52
1040,1,53
1041,87,80
1042,95,90
1043,90,95
1044,80,87
1045,67,97
1045,67,42
1045,67,32
1045,67,37
1045,67,43
1045,67,39
1046,95,90
1047,4,81
1048,87,80
1049,91,75
1049,91,41
1049,91,42
1050,80,87
1051,73,73
1051,73,45
1052,87,80
1053,1,1
1053,1,2
1054,90,95
1055,73,73
1055,73,45
1055,73,44
1056,73,73
1056,73,45
1056,73,44
1057,81,4
1058,108,90
1059,4,81
1060,81,4
1061,95,90
1062,97,97
1062,97,42
1062,97,32
1062,97,37
1062,97,43
1062,97,39
1063,68,1
1063,68,2
1064,88,14
1065,101,109
1066,90,108
1067,93,97
1067,93,42
1067,93,32
1067,93,37
1067,93,43
1067,93,39
1068,68,1
1068,68,2
1069,96,73
1069,96,45
1069,96,44
1070,66,97
1070,66,42
1070,66,32
1070,66,37
1070,66,43
1070,66,39
1071,73,73
1071,73,45
1072,83,29
1072,83,62
1072,83,74
1072,83,59
1072,83,61
1072,83,58
1072,83,60
1073,108,90
1074,83,29
1074,83,62
1074,83,74
1074,83,59
1074,83,61
1074,83,58
1074,83,60
1075,65,86
1075,65,13
1075,65,7
1075,65,6
1075,65,8
1075,65,5
1075,65,54
1076,90,108
1077,96,73
1077,96,45
1078,109,101
1079,71,73
1079,71,45
1079,71,44
1080,1,1
1080,1,2
1081,108,90
1082,87,29
1082,87,62
1082,87,74
1082,87,59
1082,87,61
1082,87,58
1082,87,60
1083,90,108
1084,76,91
1084,76,43
1084,76,39
1084,76,40
1084,76,41
1084,76,42
1085,72,1
1085,72,52
1085,72,53
1086,101,109
1087,96,73
1087,96,45
1088,88,94
1088,88,24
1088,88,22
1088,88,21
1088,88,20
1088,88,25
1088,88,23
1089,101,84
1089,101,24
1089,101,19
1089,101,56
1089,101,23
1089,101,22
1089,101,17
1089,101,21
1089,101,16
1089,101,26
1089,101,18
1089,101,25
1090,104,29
1090,104,62
1090,104,74
1090,104,59
1090,104,61
1090,104,58
1090,104,60
1091,96,73
1091,96,45
1092,91,95
1092,91,32
1092,91,43
1092,91,36
1092,91,41
1092,91,39
1092,91,33
1093,73,73
1093,73,45
1094,75,75
1094,75,41
1094,75,42
1095,80,29
1095,80,62
1095,80,74
1095,80,59
1095,80,61
1095,80,58
1095,80,60
1096,30,29
1096,30,62
1096,30,74
1096,30,59
1096,30,61
1096,30,58
1096,30,60
1097,92,29
1097,92,62
1097,92,74
1097,92,59
1097,92,61
1097,92,58
1097,92,60
1098,29,30
1098,29,31
1098,29,32
1098,29,33
1098,29,34
1098,29,35
1098,29,36
1098,29,37
1098,29,38
1098,29,39
1098,29,40
1098,29,41
1098,29,42
1098,29,43
1098,29,44
1098,29,45
1098,29,46
1098,29,47
1098,29,48
1098,29,49
1098,29,18
1098,29,19
1098,29,20
1098,29,21
1098,29,22
1098,29,23
1098,29,24
1098,29,25
1098,29,26
1098,29,2
1098,29,50
1098,29,51
1098,29,52
1098,29,53
1098,29,5
1098,29,6
1098,29,13
1098,29,11
1098,29,9
1098,29,10
1098,29,8
1098,29,7
1098,29,54
1098,29,55
1098,29,12
1098,29,56
1098,29,16
1098,29,57
1098,29,17
1098,29,58
1098,29,59
1098,29,60
1098,29,61
1098,29,62
1099,90,104
1100,109,101
1101,1,1
1101,1,2
1102,92,30
1102,92,31
1102,92,32
1102,92,33
1102,92,34
1102,92,35
1102,92,36
1102,92,37
1102,92,38
1102,92,39
1102,92,40
1102,92,41
1102,92,42
1102,92,43
1102,92,44
1102,92,45
1102,92,46
1102,92,47
1102,92,48
1102,92,49
1102,92,18
1102,92,19
1102,92,20
1102,92,21
1102,92,22
1102,92,23
1102,92,24
1102,92,25
1102,92,26
1102,92,2
1102,92,50
1102,92,51
1102,92,52
1102,92,53
1102,92,5
1102,92,6
1102,92,13
1102,92,11
1102,92,9
1102,92,10
1102,92,8
1102,92,7
1102,92,54
1102,92,55
1102,92,12
1102,92,56
1102,92,16
1102,92,57
1102,92,17
1102,92,58
1102,92,59
1102,92,60
1102,92,61
1102,92,62
1103,97,95
1103,97,32
1103,97,43
1103,97,36
1103,97,41
1103,97,39
1103,97,33
1104,14,15
1104,14,16
1104,14,17
1104,14,18
1104,14,19
1104,14,20
1104,14,21
1104,14,22
1104,14,23
1104,14,24
1104,14,25
1104,14,26
1105,81,101
1105,81,18
1105,81,17
1105,81,19
1105,81,16
1105,81,49
1105,81,20
1105,81,56
1105,81,22
1105,81,23
1106,63,79
1107,105,101
1108,93,91
1108,93,43
1108,93,39
1108,93,40
1108,93,41
1108,93,42
1109,106,95
1109,106,32
1109,106,43
1109,106,36
1109,106,41
1109,106,39
1109,106,33
1110,66,91
1110,66,43
1110,66,39
1110,66,40
1110,66,41
1110,66,42
1111,83,29
1111,83,62
1111,83,74
1111,83,59
1111,83,61
1111,83,58
1111,83,60
1112,106,95
1112,106,32
1112,106,43
1112,106,36
1112,106,41
1112,106,39
1112,106,33
1113,4,103
1113,4,7
1113,4,13
1113,4,12
1113,4,9
1113,4,10
1113,4,55
1113,4,54
1114,30,29
1114,30,62
1114,30,74
1114,30,59
1114,30,61
1114,30,58
1114,30,60
1115,68,72
1115,68,2
1115,68,53
1116,92,29
1116,92,62
1116,92,74
1116,92,59
1116,92,61
1116,92,58
1116,92,60
1117,70,86
1117,70,13
1117,70,7
1117,70,6
1117,70,8
1117,70,5
1117,70,54
1118,94,30
1118,94,31
1118,94,32
1118,94,33
1118,94,34
1118,94,35
1118,94,36
1118,94,37
1118,94,38
1118,94,39
1118,94,40
1118,94,41
1118,94,42
1118,94,43
1118,94,44
1118,94,45
1118,94,46
1118,94,47
1118,94,48
1118,94,49
1118,94,18
1118,94,19
1118,94,20
1118,94,21
1118,94,22
1118,94,23
1118,94,24
1118,94,25
1118,94,26
1118,94,2
1118,94,50
1118,94,51
1118,94,52
1118,94,53
1118,94,5
1118,94,6
1118,94,13
1118,94,11
1118,94,9
1118,94,10
1118,94,8
1118,94,7
1118,94,54
1118,94,55
1118,94,12
1118,94,56
1118,94,16
1118,94,57
1118,94,17
1118,94,58
1118,94,59
1118,94,60
1118,94,61
1118,94,62
1119,106,91
1119,106,43
1119,106,39
1119,106,40
1119,106,41
1119,106,42
1120,91,95
1120,91,32
1120,91,43
1120,91,36
1120,91,41
1120,91,39
1120,91,33
1121,79,63
1122,97,95
1122,97,32
1122,97,43
1122,97,36
1122,97,41
1122,97,39
1122,97,33
1123,76,95
1123,76,32
1123,76,43
1123,76,36
1123,76,41
1123,76,39
1123,76,33
1124,101,105
1125,72,72
1125,72,53
1126,84,84
1126,84,24
1126,84,19
1126,84,56
1126,84,23
1126,84,22
1126,84,17
1126,84,21
1126,84,16
1126,84,26
1126,84,18
1126,84,25
1127,76,95
1127,76,32
1127,76,43
1127,76,36
1127,76,41
1127,76,39
1127,76,33
1128,15,101
1128,15,18
1128,15,17
1128,15,19
1128,15,16
1128,15,49
1128,15,20
1128,15,56
1128,15,22
1128,15,23
1129,106,91
1129,106,43
1129,106,39
1129,106,40
1129,106,41
1129,106,42
1130,71,30
1130,71,31
1130,71,32
1130,71,33
1130,71,34
1130,71,35
1130,71,36
1130,71,37
1130,71,38
1130,71,39
1130,71,40
1130,71,41
1130,71,42
1130,71,43
1130,71,44
1130,71,45
1130,71,46
1130,71,47
1130,71,48
1130,71,49
1130,71,18
1130,71,19
1130,71,20
1130,71,21
1130,71,22
1130,71,23
1130,71,24
1130,71,25
1130,71,26
1130,71,2
1130,71,50
1130,71,51
1130,71,52
1130,71,53
1130,71,5
1130,71,6
1130,71,13
1130,71,11
1130,71,9
1130,71,10
1130,71,8
1130,71,7
1130,71,54
1130,71,55
1130,71,12
1130,71,56
1130,71,16
1130,71,57
1130,71,17
1130,71,58
1130,71,59
1130,71,60
1130,71,61
1130,71,62
1131,82,78
1131,82,22
1131,82,24
1131,82,21
1131,82,26
1131,82,19
1132,98,91
1132,98,43
1132,98,39
1132,98,40
1132,98,41
1132,98,42
1133,29,29
1133,29,62
1133,29,74
1133,29,59
1133,29,61
1133,29,58
1133,29,60
1134,66,91
1134,66,43
1134,66,39
1134,66,40
1134,66,41
1134,66,42
1135,63,79
1136,3,86
1136,3,13
1136,3,7
1136,3,6
1136,3,8
1136,3,5
1136,3,54
1137,78,84
1137,78,24
1137,78,19
1137,78,56
1137,78,23
1137,78,22
1137,78,17
1137,78,21
1137,78,16
1137,78,26
1137,78,18
1137,78,25
1138,106,91
1138,106,43
1138,106,39
1138,106,40
1138,106,41
1138,106,42
1139,65,86
1139,65,13
1139,65,7
1139,65,6
1139,65,8
1139,65,5
1139,65,54
1140,28,84
1140,28,24
1140,28,19
1140,28,56
1140,28,23
1140,28,22
1140,28,17
1140,28,21
1140,28,16
1140,28,26
1140,28,18
1140,28,25
1141,28,84
1141,28,24
1141,28,19
1141,28,56
1141,28,23
1141,28,22
1141,28,17
1141,28,21
1141,28,16
1141,28,26
1141,28,18
1141,28,25
1142,72,72
1142,72,2
1142,72,53
1143,105,103
1143,105,7
1143,105,13
1143,105,12
1143,105,9
1143,105,10
1143,105,55
1143,105,54
1144,87,29
1144,87,62
1144,87,74
1144,87,59
1144,87,61
1144,87,58
1144,87,60
1145,104,90
1146,81,78
1146,81,22
1146,81,24
1146,81,21
1146,81,26
1146,81,19
1147,78,78
1147,78,22
1147,78,24
1147,78,21
1147,78,26
1147,78,19
1148,0,72
1148,0,2
1148,0,53
1149,84,84
1149,84,24
1149,84,19
1149,84,56
1149,84,23
1149,84,22
1149,84,17
1149,84,21
1149,84,16
1149,84,26
1149,84,18
1149,84,25
1150,104,29
1150,104,62
1150,104,74
1150,104,59
1150,104,61
1150,104,58
1150,104,60
1151,100,86
1151,100,13
1151,100,7
1151,100,6
1151,100,8
1151,100,5
1151,100,54
1152,92,29
1152,92,62
1152,92,74
1152,92,59
1152,92,61
1152,92,58
1152,92,60
1153,28,101
1153,28,18
1153,28,17
1153,28,19
1153,28,16
1153,28,49
1153,28,20
1153,28,56
1153,28,22
1153,28,23
1154,29,29
1154,29,62
1154,29,74
1154,29,59
1154,29,61
1154,29,58
1154,29,60
1155,0,72
1155,0,2
1155,0,53
1156,64,103
1156,64,7
1156,64,13
1156,64,12
1156,64,9
1156,64,10
1156,64,55
1156,64,54
1157,101,78
1157,101,22
1157,101,24
1157,101,21
1157,101,26
1157,101,19
1158,29,29
1158,29,62
1158,29,74
1158,29,59
1158,29,61
1158,29,58
1158,29,60
1159,84,101
1159,84,18
1159,84,17
1159,84,19
1159,84,16
1159,84,49
1159,84,20
1159,84,56
1159,84,22
1159,84,23
1160,72,72
1160,72,2
1160,72,53
1161,72,72
1161,72,53
1162,64,103
1162,64,7
1162,64,13
1162,64,12
1162,64,9
1162,64,10
1162,64,55
1162,64,54
1163,86,103
1163,86,7
1163,86,13
1163,86,12
1163,86,9
1163,86,10
1163,86,55
1163,86,54
1164,0,72
1164,0,53
1165,29,29
1165,29,62
1165,29,74
1165,29,59
1165,29,61
1165,29,58
1165,29,60
1166,0,72
1166,0,53
1167,94,78
1167,94,22
1167,94,24
1167,94,21
1167,94,26
1167,94,19
1168,65,103
1168,65,7
1168,65,13
1168,65,12
1168,65,9
1168,65,10
1168,65,55
1168,65,54
1169,78,78
1169,78,22
1169,78,24
1169,78,21
1169,78,26
1169,78,19
